src,tgt,source_idx,ref_idx,alpha,duration_s,rms_dbfs,peak_dbfs,clip_fraction,silence_fraction,dc_offset,source_duration_s,duration_ratio
p236,original,1,0,-1.0,3.4570068027210885,-25.928996483851677,-9.535006238755862,0.0,0.0,0.00013423539348877966,3.4570068027210885,1.0
p236,p239,1,1,0.0,3.4481632653061225,-30.690742770457966,-11.076780537337651,0.0,0.2558139534883721,3.9762919186614454e-05,3.4570068027210885,0.997441851312527
p236,p239,1,2,0.0,3.4481632653061225,-31.003549542980274,-8.763094420528724,0.0,0.24127906976744187,1.6165502529474907e-05,3.4570068027210885,0.997441851312527
p236,p239,1,3,0.0,3.4481632653061225,-30.71093383489648,-9.160241334910635,0.0,0.2441860465116279,3.1257717637345195e-05,3.4570068027210885,0.997441851312527
p236,p239,1,1,0.25,3.4481632653061225,-30.43756512252793,-10.964593503504318,0.0,0.24709302325581395,4.16076545661781e-05,3.4570068027210885,0.997441851312527
p236,p239,1,2,0.25,3.4481632653061225,-30.947616776770165,-8.268561560688802,0.0,0.2180232558139535,1.5451851140824147e-05,3.4570068027210885,0.997441851312527
p236,p239,1,3,0.25,3.4481632653061225,-30.574132434666108,-9.110917581481457,0.0,0.23255813953488372,2.8663613193202764e-05,3.4570068027210885,0.997441851312527
p236,p239,1,1,0.5,3.4481632653061225,-30.37459938231812,-10.561036716424713,0.0,0.24127906976744187,4.3861793528776616e-05,3.4570068027210885,0.997441851312527
p236,p239,1,2,0.5,3.4481632653061225,-30.88271259535173,-7.909372553089689,0.0,0.2063953488372093,1.4761481907044072e-05,3.4570068027210885,0.997441851312527
p236,p239,1,3,0.5,3.4481632653061225,-30.330553003679395,-9.049090675440395,0.0,0.2005813953488372,3.1003244657767937e-05,3.4570068027210885,0.997441851312527
p236,p239,1,1,0.75,3.4481632653061225,-30.294902993915144,-10.399804966744313,0.0,0.23837209302325582,4.619018727680668e-05,3.4570068027210885,0.997441851312527
p236,p239,1,2,0.75,3.4481632653061225,-30.936473429448938,-7.952308328297715,0.0,0.19767441860465115,1.4329599252960179e-05,3.4570068027210885,0.997441851312527
p236,p239,1,3,0.75,3.4481632653061225,-29.96354256124874,-8.828769778991457,0.0,0.17732558139534885,3.670441947178915e-05,3.4570068027210885,0.997441851312527
p236,p239,1,1,1.0,3.4481632653061225,-30.249819260587163,-10.281248229433164,0.0,0.23255813953488372,4.656066084862687e-05,3.4570068027210885,0.997441851312527
p236,p239,1,2,1.0,3.4481632653061225,-30.797329733350317,-7.9675519674530655,0.0,0.19186046511627908,1.5546978829661384e-05,3.4570068027210885,0.997441851312527
p236,p239,1,3,1.0,3.4481632653061225,-29.629559463448302,-8.654009164625213,0.0,0.16279069767441862,4.089681533514522e-05,3.4570068027210885,0.997441851312527
p236,p259,1,1,0.0,3.4481632653061225,-26.428146444087584,-5.334334103082211,0.0,0.3546511627906977,8.484409772790968e-05,3.4570068027210885,0.997441851312527
p236,p259,1,2,0.0,3.4481632653061225,-27.188055032167355,-8.5328153699453,0.0,0.3633720930232558,7.01468379702419e-05,3.4570068027210885,0.997441851312527
p236,p259,1,3,0.0,3.4481632653061225,-26.21788783792151,-5.772877709162926,0.0,0.3226744186046512,0.00010131304588867351,3.4570068027210885,0.997441851312527
p236,p259,1,1,0.25,3.4481632653061225,-26.824125333651327,-5.996247430475802,0.0,0.375,8.127263572532684e-05,3.4570068027210885,0.997441851312527
p236,p259,1,2,0.25,3.4481632653061225,-27.208087014522583,-8.980989180057339,0.0,0.3691860465116279,7.113904575817287e-05,3.4570068027210885,0.997441851312527
p236,p259,1,3,0.25,3.4481632653061225,-26.29309850629435,-5.77751609339173,0.0,0.32558139534883723,9.959073213394731e-05,3.4570068027210885,0.997441851312527
p236,p259,1,1,0.5,3.4481632653061225,-27.08958275574753,-6.199497964358808,0.0,0.375,7.780232408549637e-05,3.4570068027210885,0.997441851312527
p236,p259,1,2,0.5,3.4481632653061225,-27.256746308274007,-8.862529933309446,0.0,0.38372093023255816,7.079666829667985e-05,3.4570068027210885,0.997441851312527
p236,p259,1,3,0.5,3.4481632653061225,-26.36522017894828,-6.307865379732116,0.0,0.33430232558139533,9.757099905982614e-05,3.4570068027210885,0.997441851312527
p236,p259,1,1,0.75,3.4481632653061225,-27.288413561531648,-7.216259508806026,0.0,0.4011627906976744,7.328561332542449e-05,3.4570068027210885,0.997441851312527
p236,p259,1,2,0.75,3.4481632653061225,-27.239475767256216,-8.790034206289763,0.0,0.375,7.127912977011874e-05,3.4570068027210885,0.997441851312527
p236,p259,1,3,0.75,3.4481632653061225,-26.404971494806283,-6.527056517747582,0.0,0.34011627906976744,9.678790956968442e-05,3.4570068027210885,0.997441851312527
p236,p259,1,1,1.0,3.4481632653061225,-27.588040999262237,-8.196751505436335,0.0,0.4011627906976744,6.855296669527888e-05,3.4570068027210885,0.997441851312527
p236,p259,1,2,1.0,3.4481632653061225,-27.1158354980117,-8.656163136028203,0.0,0.37790697674418605,6.965515058254823e-05,3.4570068027210885,0.997441851312527
p236,p259,1,3,1.0,3.4481632653061225,-26.44947808905334,-6.631649156132418,0.0,0.3488372093023256,9.561949991621077e-05,3.4570068027210885,0.997441851312527
p236,p263,1,1,0.0,3.4481632653061225,-28.221152196706466,-9.939149631137628,0.0,0.28488372093023256,5.8218283811584115e-05,3.4570068027210885,0.997441851312527
p236,p263,1,2,0.0,3.4481632653061225,-27.057177523374293,-8.911938276897633,0.0,0.2616279069767442,7.930990250315517e-05,3.4570068027210885,0.997441851312527
p236,p263,1,3,0.0,3.4481632653061225,-27.840876080823552,-8.938602579151828,0.0,0.23255813953488372,7.044104859232903e-05,3.4570068027210885,0.997441851312527
p236,p263,1,1,0.25,3.4481632653061225,-28.076255774394127,-9.996774609096654,0.0,0.2819767441860465,5.6498782214475796e-05,3.4570068027210885,0.997441851312527
p236,p263,1,2,0.25,3.4481632653061225,-27.02050595410228,-9.157197925756149,0.0,0.26453488372093026,7.822376937838271e-05,3.4570068027210885,0.997441851312527
p236,p263,1,3,0.25,3.4481632653061225,-27.723836120877987,-9.181575109658786,0.0,0.2238372093023256,7.239495607791469e-05,3.4570068027210885,0.997441851312527
p236,p263,1,1,0.5,3.4481632653061225,-27.832253677206324,-9.674367900251372,0.0,0.2761627906976744,6.265191041165963e-05,3.4570068027210885,0.997441851312527
p236,p263,1,2,0.5,3.4481632653061225,-26.969895284295813,-9.338608940715824,0.0,0.26453488372093026,7.719985296716914e-05,3.4570068027210885,0.997441851312527
p236,p263,1,3,0.5,3.4481632653061225,-27.58474033311338,-8.891993630618714,0.0,0.2238372093023256,7.629354513483122e-05,3.4570068027210885,0.997441851312527
p236,p263,1,1,0.75,3.4481632653061225,-27.587711573793378,-9.26743808948573,0.0,0.33430232558139533,7.436010491801426e-05,3.4570068027210885,0.997441851312527
p236,p263,1,2,0.75,3.4481632653061225,-26.904332524132325,-9.071659256398414,0.0,0.2761627906976744,7.670294871786609e-05,3.4570068027210885,0.997441851312527
p236,p263,1,3,0.75,3.4481632653061225,-27.413120968210865,-9.067140846566309,0.0,0.2180232558139535,8.150623762048781e-05,3.4570068027210885,0.997441851312527
p236,p263,1,1,1.0,3.4481632653061225,-27.39636948332511,-9.449617231304977,0.0,0.3023255813953488,8.276456355815753e-05,3.4570068027210885,0.997441851312527
p236,p263,1,2,1.0,3.4481632653061225,-26.826884338505756,-9.071659256398414,0.0,0.2761627906976744,7.674749940633774e-05,3.4570068027210885,0.997441851312527
p236,p263,1,3,1.0,3.4481632653061225,-27.231640443579472,-8.894207442186207,0.0,0.20930232558139536,8.594828977948055e-05,3.4570068027210885,0.997441851312527
p236,original,2,0,-1.0,6.1479818594104305,-27.06362073810834,-7.384576922936424,0.0,0.0,-3.0383407647605054e-05,6.1479818594104305,1.0
p236,p239,2,1,0.0,6.141678004535147,-31.279624681219815,-12.452642212966403,0.0,0.16449511400651465,2.6106157747562975e-05,6.1479818594104305,0.998974646474333
p236,p239,2,2,0.0,6.141678004535147,-31.111862378269855,-13.335365618675025,0.0,0.21335504885993486,3.413013837416656e-05,6.1479818594104305,0.998974646474333
p236,p239,2,3,0.0,6.141678004535147,-30.808072962596817,-11.477776294440382,0.0,0.1482084690553746,3.593089786591008e-05,6.1479818594104305,0.998974646474333
p236,p239,2,1,0.25,6.141678004535147,-31.262382924539736,-12.083715279192045,0.0,0.15472312703583063,2.654581294336822e-05,6.1479818594104305,0.998974646474333
p236,p239,2,2,0.25,6.141678004535147,-31.004301304947504,-13.029463021067693,0.0,0.20846905537459284,3.6062501749256626e-05,6.1479818594104305,0.998974646474333
p236,p239,2,3,0.25,6.141678004535147,-30.642007381269202,-11.217395444287613,0.0,0.1465798045602606,3.868893691105768e-05,6.1479818594104305,0.998974646474333
p236,p239,2,1,0.5,6.141678004535147,-31.250897163206957,-12.045442019350237,0.0,0.15960912052117263,2.7643034627544694e-05,6.1479818594104305,0.998974646474333
p236,p239,2,2,0.5,6.141678004535147,-30.89229191573425,-12.833289482792281,0.0,0.1970684039087948,3.77253454644233e-05,6.1479818594104305,0.998974646474333
p236,p239,2,3,0.5,6.141678004535147,-30.350552065711337,-10.694391168445698,0.0,0.13680781758957655,4.2319072235841304e-05,6.1479818594104305,0.998974646474333
p236,p239,2,1,0.75,6.141678004535147,-31.814426627328174,-13.09744767426681,0.0,0.1986970684039088,2.1037398255430162e-05,6.1479818594104305,0.998974646474333
p236,p239,2,2,0.75,6.141678004535147,-30.696871220237078,-12.680164260329098,0.0,0.18566775244299674,4.071910007041879e-05,6.1479818594104305,0.998974646474333
p236,p239,2,3,0.75,6.141678004535147,-29.931626715662127,-10.50222160341323,0.0,0.12866449511400652,4.7298821300501004e-05,6.1479818594104305,0.998974646474333
p236,p239,2,1,1.0,6.141678004535147,-31.789302125245605,-12.617622400790564,0.0,0.20195439739413681,2.0743993445648812e-05,6.1479818594104305,0.998974646474333
p236,p239,2,2,1.0,6.141678004535147,-30.545394025029644,-12.571291519437256,0.0,0.18078175895765472,4.342823740444146e-05,6.1479818594104305,0.998974646474333
p236,p239,2,3,1.0,6.141678004535147,-29.63278888593756,-10.577146562720785,0.0,0.12214983713355049,5.001607132726349e-05,6.1479818594104305,0.998974646474333
p236,p259,2,1,0.0,6.141678004535147,-27.11220970920153,-5.765667364548889,0.0,0.18078175895765472,7.836242002667859e-05,6.1479818594104305,0.998974646474333
p236,p259,2,2,0.0,6.141678004535147,-27.472419923809028,-7.1792271781741634,0.0,0.254071661237785,7.498737249989063e-05,6.1479818594104305,0.998974646474333
p236,p259,2,3,0.0,6.141678004535147,-24.19362580514113,-3.4810996687005566,0.0,0.14006514657980457,0.000137746668769978,6.1479818594104305,0.998974646474333
p236,p259,2,1,0.25,6.141678004535147,-27.298115843048954,-6.410945209994937,0.0,0.2003257328990228,7.186111906776205e-05,6.1479818594104305,0.998974646474333
p236,p259,2,2,0.25,6.141678004535147,-27.449100883606654,-7.11464777557034,0.0,0.254071661237785,7.528888818342239e-05,6.1479818594104305,0.998974646474333
p236,p259,2,3,0.25,6.141678004535147,-24.425306837435983,-3.9728236581201926,0.0,0.1465798045602606,0.00013120526273269206,6.1479818594104305,0.998974646474333
p236,p259,2,1,0.5,6.141678004535147,-27.756639816575827,-7.084634305354398,0.0,0.21498371335504887,7.037043542368338e-05,6.1479818594104305,0.998974646474333
p236,p259,2,2,0.5,6.141678004535147,-27.419496259662974,-7.05472418751323,0.0,0.252442996742671,7.461081986548379e-05,6.1479818594104305,0.998974646474333
p236,p259,2,3,0.5,6.141678004535147,-26.584984945080908,-6.227684850126999,0.0,0.21498371335504887,8.570088539272547e-05,6.1479818594104305,0.998974646474333
p236,p259,2,1,0.75,6.141678004535147,-28.03670058914244,-7.7139122431177976,0.0,0.2296416938110749,6.580713670700788e-05,6.1479818594104305,0.998974646474333
p236,p259,2,2,0.75,6.141678004535147,-27.392426897211433,-6.99877048346385,0.0,0.249185667752443,7.374503184109926e-05,6.1479818594104305,0.998974646474333
p236,p259,2,3,0.75,6.141678004535147,-24.895596513452727,-5.084217275527047,0.0,0.16123778501628663,0.00012106886424589902,6.1479818594104305,0.998974646474333
p236,p259,2,1,1.0,6.141678004535147,-28.259729972697393,-8.327822917810616,0.0,0.24429967426710097,6.131143163656816e-05,6.1479818594104305,0.998974646474333
p236,p259,2,2,1.0,6.141678004535147,-27.318465186915667,-6.967971524417375,0.0,0.249185667752443,7.458896288881078e-05,6.1479818594104305,0.998974646474333
p236,p259,2,3,1.0,6.141678004535147,-25.107624536541483,-5.197277718807411,0.0,0.17263843648208468,0.0001169896058854647,6.1479818594104305,0.998974646474333
p236,p263,2,1,0.0,6.141678004535147,-28.172401095140017,-8.571129272981947,0.0,0.1986970684039088,6.755358481314033e-05,6.1479818594104305,0.998974646474333
p236,p263,2,2,0.0,6.141678004535147,-27.70201545795388,-8.59605293323386,0.0,0.1449511400651466,6.953349657123908e-05,6.1479818594104305,0.998974646474333
p236,p263,2,3,0.0,6.141678004535147,-27.393919275074158,-8.835364709644672,0.0,0.1270358306188925,6.382609717547894e-05,6.1479818594104305,0.998974646474333
p236,p263,2,1,0.25,6.141678004535147,-28.253226228600646,-9.626059157047138,0.0,0.21009771986970685,6.598899199161679e-05,6.1479818594104305,0.998974646474333
p236,p263,2,2,0.25,6.141678004535147,-27.613368168166925,-8.81925259945658,0.0,0.14332247557003258,6.918150029378012e-05,6.1479818594104305,0.998974646474333
p236,p263,2,3,0.25,6.141678004535147,-27.29059673499464,-9.055855094658442,0.0,0.1270358306188925,6.238814967218786e-05,6.1479818594104305,0.998974646474333
p236,p263,2,1,0.5,6.141678004535147,-28.156537949905555,-9.888522258535541,0.0,0.21661237785016288,6.245237455004826e-05,6.1479818594104305,0.998974646474333
p236,p263,2,2,0.5,6.141678004535147,-27.51707061330519,-8.884618331170712,0.0,0.14332247557003258,6.910690717631951e-05,6.1479818594104305,0.998974646474333
p236,p263,2,3,0.5,6.141678004535147,-27.159407357491364,-9.240514617782305,0.0,0.12866449511400652,6.162872159620747e-05,6.1479818594104305,0.998974646474333
p236,p263,2,1,0.75,6.141678004535147,-28.078002442887712,-9.902601892021014,0.0,0.1986970684039088,6.0391110309865326e-05,6.1479818594104305,0.998974646474333
p236,p263,2,2,0.75,6.141678004535147,-27.419227139786138,-8.787117765520973,0.0,0.1449511400651466,6.873215170344338e-05,6.1479818594104305,0.998974646474333
p236,p263,2,3,0.75,6.141678004535147,-27.038546614931427,-9.452764863025612,0.0,0.1254071661237785,6.0935552028240636e-05,6.1479818594104305,0.998974646474333
p236,p263,2,1,1.0,6.141678004535147,-27.939302629200785,-9.900115591835714,0.0,0.19381107491856678,6.03106600465253e-05,6.1479818594104305,0.998974646474333
p236,p263,2,2,1.0,6.141678004535147,-27.32436077705964,-8.65903592905523,0.0,0.1482084690553746,6.83226971887052e-05,6.1479818594104305,0.998974646474333
p236,p263,2,3,1.0,6.141678004535147,-26.910848291890836,-9.124548448575732,0.0,0.1254071661237785,5.9816924476763234e-05,6.1479818594104305,0.998974646474333
p236,original,3,0,-1.0,4.8671655328798185,-24.764712821765208,-6.91257212193238,0.0,0.0,-5.6959739595185965e-05,4.8671655328798185,1.0
p236,p239,3,1,0.0,4.864580498866213,-30.23219053699134,-11.705305653188539,0.0,0.19958847736625515,3.3839791285572574e-05,4.8671655328798185,0.999468883070415
p236,p239,3,2,0.0,4.864580498866213,-29.493485886595728,-10.443802070430714,0.0,0.20781893004115226,4.545373303699307e-05,4.8671655328798185,0.999468883070415
p236,p239,3,3,0.0,4.864580498866213,-30.228065994146995,-10.177966517433356,0.0,0.19547325102880658,4.0106100641423836e-05,4.8671655328798185,0.999468883070415
p236,p239,3,1,0.25,4.864580498866213,-30.21698865257056,-11.213538905368432,0.0,0.18724279835390947,3.3702941436786205e-05,4.8671655328798185,0.999468883070415
p236,p239,3,2,0.25,4.864580498866213,-29.37525711782812,-10.210539713235704,0.0,0.20987654320987653,4.90758175146766e-05,4.8671655328798185,0.999468883070415
p236,p239,3,3,0.25,4.864580498866213,-30.04272403746966,-10.019427992642704,0.0,0.18930041152263374,4.2221712647005916e-05,4.8671655328798185,0.999468883070415
p236,p239,3,1,0.5,4.864580498866213,-30.632870591783465,-11.330963479758069,0.0,0.1831275720164609,2.8669122912106104e-05,4.8671655328798185,0.999468883070415
p236,p239,3,2,0.5,4.864580498866213,-29.249991790864147,-10.019427992642704,0.0,0.19958847736625515,5.226175198913552e-05,4.8671655328798185,0.999468883070415
p236,p239,3,3,0.5,4.864580498866213,-29.859961055192684,-9.872813158720493,0.0,0.17901234567901234,4.236368113197386e-05,4.8671655328798185,0.999468883070415
p236,p239,3,1,0.75,4.864580498866213,-30.528267516179604,-11.1491951310264,0.0,0.1748971193415638,2.6427760531078093e-05,4.8671655328798185,0.999468883070415
p236,p239,3,2,0.75,4.864580498866213,-29.141814796130635,-9.853010608933593,0.0,0.18930041152263374,5.4907686717342585e-05,4.8671655328798185,0.999468883070415
p236,p239,3,3,0.75,4.864580498866213,-29.629032945083047,-9.677598056345886,0.0,0.17078189300411523,4.3101983465021476e-05,4.8671655328798185,0.999468883070415
p236,p239,3,1,1.0,4.864580498866213,-30.448107075595594,-11.329009618623292,0.0,0.17695473251028807,2.3906157366582192e-05,4.8671655328798185,0.999468883070415
p236,p239,3,2,1.0,4.864580498866213,-29.033877148386416,-9.700242846626837,0.0,0.18106995884773663,5.7609384384704754e-05,4.8671655328798185,0.999468883070415
p236,p239,3,3,1.0,4.864580498866213,-29.4256957320952,-9.182338000146128,0.0,0.15020576131687244,4.542243914329447e-05,4.8671655328798185,0.999468883070415
p236,p259,3,1,0.0,4.864580498866213,-26.216089987158103,-3.920214638259727,0.0,0.2222222222222222,6.431953079300001e-05,4.8671655328798185,0.999468883070415
p236,p259,3,2,0.0,4.864580498866213,-27.244342629040517,-5.496017206764419,0.0,0.3662551440329218,5.924104334553704e-05,4.8671655328798185,0.999468883070415
p236,p259,3,3,0.0,4.864580498866213,-26.983007424495757,-3.8650264281429685,0.0,0.3065843621399177,7.686893513891846e-05,4.8671655328798185,0.999468883070415
p236,p259,3,1,0.25,4.864580498866213,-26.247531828288754,-4.347664568249873,0.0,0.2674897119341564,6.355761433951557e-05,4.8671655328798185,0.999468883070415
p236,p259,3,2,0.25,4.864580498866213,-27.289748115587752,-5.634358511856822,0.0,0.36419753086419754,5.7836707128444687e-05,4.8671655328798185,0.999468883070415
p236,p259,3,3,0.25,4.864580498866213,-27.007574207101854,-4.211866819239688,0.0,0.3065843621399177,7.511038711527362e-05,4.8671655328798185,0.999468883070415
p236,p259,3,1,0.5,4.864580498866213,-26.581342818099486,-5.113299788517298,0.0,0.3065843621399177,6.07756846875418e-05,4.8671655328798185,0.999468883070415
p236,p259,3,2,0.5,4.864580498866213,-27.17472969304549,-5.65466570361434,0.0,0.36419753086419754,5.6517721532145515e-05,4.8671655328798185,0.999468883070415
p236,p259,3,3,0.5,4.864580498866213,-27.01671070382844,-4.596502485660584,0.0,0.31275720164609055,7.33279375708662e-05,4.8671655328798185,0.999468883070415
p236,p259,3,1,0.75,4.864580498866213,-26.902226391434585,-6.0338636510472865,0.0,0.32510288065843623,5.696297739632428e-05,4.8671655328798185,0.999468883070415
p236,p259,3,2,0.75,4.864580498866213,-27.11871739139371,-5.886976299947147,0.0,0.36213991769547327,5.571825022343546e-05,4.8671655328798185,0.999468883070415
p236,p259,3,3,0.75,4.864580498866213,-27.03830213966696,-4.782520478775544,0.0,0.32098765432098764,7.225818262668326e-05,4.8671655328798185,0.999468883070415
p236,p259,3,1,1.0,4.864580498866213,-27.19065961472613,-7.171960677774303,0.0,0.3374485596707819,5.324188532540575e-05,4.8671655328798185,0.999468883070415
p236,p259,3,2,1.0,4.864580498866213,-27.04837060786966,-5.813159569323768,0.0,0.36213991769547327,5.6486711400793865e-05,4.8671655328798185,0.999468883070415
p236,p259,3,3,1.0,4.864580498866213,-27.0896076404874,-5.292307099244703,0.0,0.3271604938271605,7.123736577341333e-05,4.8671655328798185,0.999468883070415
p236,p263,3,1,0.0,4.864580498866213,-27.670760562958204,-8.945281464246799,0.0,0.22839506172839505,5.756869722972624e-05,4.8671655328798185,0.999468883070415
p236,p263,3,2,0.0,4.864580498866213,-27.789717017610528,-7.287733632099255,0.0,0.18930041152263374,6.566041702171788e-05,4.8671655328798185,0.999468883070415
p236,p263,3,3,0.0,4.864580498866213,-28.133997909448752,-9.058863194996055,0.0,0.1646090534979424,6.161612691357732e-05,4.8671655328798185,0.999468883070415
p236,p263,3,1,0.25,4.864580498866213,-27.64779335615104,-9.224400501901293,0.0,0.22016460905349794,5.4930729675106704e-05,4.8671655328798185,0.999468883070415
p236,p263,3,2,0.25,4.864580498866213,-27.73211744753152,-7.173776733042035,0.0,0.1934156378600823,6.537562876474112e-05,4.8671655328798185,0.999468883070415
p236,p263,3,3,0.25,4.864580498866213,-28.014157189312876,-8.931187614011364,0.0,0.16255144032921812,6.232739542610943e-05,4.8671655328798185,0.999468883070415
p236,p263,3,1,0.5,4.864580498866213,-27.600063108634135,-8.853710278155278,0.0,0.20987654320987653,5.198264625505544e-05,4.8671655328798185,0.999468883070415
p236,p263,3,2,0.5,4.864580498866213,-27.642124208694234,-7.23940889873588,0.0,0.1934156378600823,6.511302490253001e-05,4.8671655328798185,0.999468883070415
p236,p263,3,3,0.5,4.864580498866213,-27.86300083760748,-8.850038063312585,0.0,0.16255144032921812,6.33780873613432e-05,4.8671655328798185,0.999468883070415
p236,p263,3,1,0.75,4.864580498866213,-27.321878924693507,-8.593200892611275,0.0,0.21810699588477367,4.8872680054046214e-05,4.8671655328798185,0.999468883070415
p236,p263,3,2,0.75,4.864580498866213,-27.565458961861665,-6.903177526667261,0.0,0.19135802469135801,6.406375177903101e-05,4.8671655328798185,0.999468883070415
p236,p263,3,3,0.75,4.864580498866213,-27.799405153994044,-8.636080145259191,0.0,0.1646090534979424,6.312772165983915e-05,4.8671655328798185,0.999468883070415
p236,p263,3,1,1.0,4.864580498866213,-27.061137860333627,-8.42796558897215,0.0,0.22016460905349794,4.630043258657679e-05,4.8671655328798185,0.999468883070415
p236,p263,3,2,1.0,4.864580498866213,-27.488119574443566,-6.756537466548346,0.0,0.18930041152263374,6.289385055424646e-05,4.8671655328798185,0.999468883070415
p236,p263,3,3,1.0,4.864580498866213,-27.5711007101884,-8.524324071863218,0.0,0.16255144032921812,6.430501525755972e-05,4.8671655328798185,0.999468883070415
p236,original,4,0,-1.0,7.214648526077098,-23.071484736147994,-6.194087880323394,0.0,0.0,5.50334289073362e-06,7.214648526077098,1.0
p236,p239,4,1,0.0,7.209795918367347,-30.124682290457155,-11.000260703638336,0.0,0.27323162274618584,3.494041447993368e-05,7.214648526077098,0.999327395133358
p236,p239,4,2,0.0,7.209795918367347,-45.31224432092707,-24.9937803646878,0.0,0.478502080443828,-4.647818423109129e-05,7.214648526077098,0.999327395133358
p236,p239,4,3,0.0,7.209795918367347,-30.609755273901193,-10.962720333422002,0.0,0.23300970873786409,3.0360744858626276e-05,7.214648526077098,0.999327395133358
p236,p239,4,1,0.25,7.209795918367347,-30.031593890407393,-10.943076398238631,0.0,0.2815533980582524,3.4994547604583204e-05,7.214648526077098,0.999327395133358
p236,p239,4,2,0.25,7.209795918367347,-45.69750790371005,-25.68980758405575,0.0,0.4798890429958391,-4.723548045149073e-05,7.214648526077098,0.999327395133358
p236,p239,4,3,0.25,7.209795918367347,-30.551982261928167,-10.51466430020312,0.0,0.21636615811373092,3.295762508059852e-05,7.214648526077098,0.999327395133358
p236,p239,4,1,0.5,7.209795918367347,-30.172177587907495,-10.984286217191961,0.0,0.2829403606102635,3.434993777773343e-05,7.214648526077098,0.999327395133358
p236,p239,4,2,0.5,7.209795918367347,-46.04924075278034,-26.006827077959052,0.0,0.4826629680998613,-4.7939218347892165e-05,7.214648526077098,0.999327395133358
p236,p239,4,3,0.5,7.209795918367347,-30.12163310315581,-10.315080950949092,0.0,0.18862690707350901,3.891924279741943e-05,7.214648526077098,0.999327395133358
p236,p239,4,1,0.75,7.209795918367347,-30.67395505910831,-10.692575366277898,0.0,0.2829403606102635,2.8466065487009473e-05,7.214648526077098,0.999327395133358
p236,p239,4,2,0.75,7.209795918367347,-29.985746258275114,-10.266541774662803,0.0,0.1914008321775312,3.566527084331028e-05,7.214648526077098,0.999327395133358
p236,p239,4,3,0.75,7.209795918367347,-30.12788571262609,-10.858462341846923,0.0,0.18862690707350901,3.730463868123479e-05,7.214648526077098,0.999327395133358
p236,p239,4,1,1.0,7.209795918367347,-30.778504897863215,-10.88719443642163,0.0,0.2843273231622746,2.8326123356237076e-05,7.214648526077098,0.999327395133358
p236,p239,4,2,1.0,7.209795918367347,-30.009201131801333,-10.530688288911428,0.0,0.18446601941747573,3.972740887547843e-05,7.214648526077098,0.999327395133358
p236,p239,4,3,1.0,7.209795918367347,-29.976647948752337,-10.716210454706385,0.0,0.17614424410540916,3.644828757387586e-05,7.214648526077098,0.999327395133358
p236,p259,4,1,0.0,7.209795918367347,-26.25483200835841,-4.533733175723452,0.0,0.2829403606102635,7.951125007821247e-05,7.214648526077098,0.999327395133358
p236,p259,4,2,0.0,7.209795918367347,-27.267711568463966,-8.4461706041484,0.0,0.3564493758668516,5.654359483742155e-05,7.214648526077098,0.999327395133358
p236,p259,4,3,0.0,7.209795918367347,-26.37466690990843,-6.502925133824365,0.0,0.3231622746185853,7.764421752654016e-05,7.214648526077098,0.999327395133358
p236,p259,4,1,0.25,7.209795918367347,-26.35623033587016,-5.781125438815804,0.0,0.32038834951456313,7.647074380656704e-05,7.214648526077098,0.999327395133358
p236,p259,4,2,0.25,7.209795918367347,-27.297246249178766,-8.401426707970232,0.0,0.3633841886269071,5.6500597565900534e-05,7.214648526077098,0.999327395133358
p236,p259,4,3,0.25,7.209795918367347,-26.405631039312738,-6.710498057688815,0.0,0.3259361997226075,7.65797813073732e-05,7.214648526077098,0.999327395133358
p236,p259,4,1,0.5,7.209795918367347,-26.682466726929626,-6.841776361290628,0.0,0.34535367545076284,6.98887015460059e-05,7.214648526077098,0.999327395133358
p236,p259,4,2,0.5,7.209795918367347,-27.322639720143954,-8.240450751516578,0.0,0.3606102635228849,5.637927461066283e-05,7.214648526077098,0.999327395133358
p236,p259,4,3,0.5,7.209795918367347,-26.349471538223455,-6.516946848744343,0.0,0.3259361997226075,6.669423601124436e-05,7.214648526077098,0.999327395133358
p236,p259,4,1,0.75,7.209795918367347,-27.01054659417981,-7.896862078037339,0.0,0.3578363384188627,6.106222281232476e-05,7.214648526077098,0.999327395133358
p236,p259,4,2,0.75,7.209795918367347,-27.41200886844142,-8.193346742883216,0.0,0.3606102635228849,5.618577779387124e-05,7.214648526077098,0.999327395133358
p236,p259,4,3,0.75,7.209795918367347,-26.50280459577166,-7.018372773066247,0.0,0.34396671289875175,7.418407767545432e-05,7.214648526077098,0.999327395133358
p236,p259,4,1,1.0,7.209795918367347,-27.264000181691518,-8.263755709286407,0.0,0.36615811373092927,5.689316094503738e-05,7.214648526077098,0.999327395133358
p236,p259,4,2,1.0,7.209795918367347,-27.502469052135208,-8.240450751516578,0.0,0.361997226074896,5.958218389423564e-05,7.214648526077098,0.999327395133358
p236,p259,4,3,1.0,7.209795918367347,-26.532926724381557,-7.122468295217307,0.0,0.3522884882108183,7.314708636840805e-05,7.214648526077098,0.999327395133358
p236,p263,4,1,0.0,7.209795918367347,-27.654837740064263,-9.055855094658442,0.0,0.27600554785020803,6.044256588211283e-05,7.214648526077098,0.999327395133358
p236,p263,4,2,0.0,7.209795918367347,-28.03157702891638,-9.335502399324326,0.0,0.20249653259361997,4.506379991653375e-05,7.214648526077098,0.999327395133358
p236,p263,4,3,0.0,7.209795918367347,-28.6800403364012,-9.492206805461649,0.0,0.18585298196948682,4.9741178372642025e-05,7.214648526077098,0.999327395133358
p236,p263,4,1,0.25,7.209795918367347,-27.626634467004322,-8.992924447669466,0.0,0.2787794729542302,6.040992957423441e-05,7.214648526077098,0.999327395133358
p236,p263,4,2,0.25,7.209795918367347,-28.02455550597503,-9.863731385542145,0.0,0.20665742024965325,4.466355676413514e-05,7.214648526077098,0.999327395133358
p236,p263,4,3,0.25,7.209795918367347,-28.53762408270786,-9.239746600660087,0.0,0.17891816920943135,5.0544931582408026e-05,7.214648526077098,0.999327395133358
p236,p263,4,1,0.5,7.209795918367347,-27.532919030881253,-9.006371256365663,0.0,0.2829403606102635,5.868552398169413e-05,7.214648526077098,0.999327395133358
p236,p263,4,2,0.5,7.209795918367347,-27.567786367359584,-9.598002638966994,0.0,0.27600554785020803,4.08565356337931e-05,7.214648526077098,0.999327395133358
p236,p263,4,3,0.5,7.209795918367347,-28.306687096623126,-9.035577620555426,0.0,0.18446601941747573,5.173625686438754e-05,7.214648526077098,0.999327395133358
p236,p263,4,1,0.75,7.209795918367347,-27.383996633853506,-9.204491022092903,0.0,0.2843273231622746,5.331361899152398e-05,7.214648526077098,0.999327395133358
p236,p263,4,2,0.75,7.209795918367347,-27.450818953429756,-9.520716315645624,0.0,0.2787794729542302,4.033650839119218e-05,7.214648526077098,0.999327395133358
p236,p263,4,3,0.75,7.209795918367347,-28.034727183260742,-8.910459324120684,0.0,0.18169209431345354,5.320899799698964e-05,7.214648526077098,0.999327395133358
p236,p263,4,1,1.0,7.209795918367347,-27.09780152291173,-9.2251671632406,0.0,0.2815533980582524,5.258895907900296e-05,7.214648526077098,0.999327395133358
p236,p263,4,2,1.0,7.209795918367347,-27.58285845317733,-9.162524591783729,0.0,0.21081830790568654,4.2180508899036795e-05,7.214648526077098,0.999327395133358
p236,p263,4,3,1.0,7.209795918367347,-27.86332966993987,-8.797329595294185,0.0,0.18446601941747573,5.4164978791959584e-05,7.214648526077098,0.999327395133358
p236,original,5,0,-1.0,5.677551020408163,-23.33853015256488,-6.365593757056268,0.0,0.001763668430335097,-2.6129227990168147e-05,5.677551020408163,1.0
p236,p239,5,1,0.0,5.677278911564626,-30.471072170430382,-12.105051299839339,0.0,0.20811287477954143,3.4852018870878965e-05,5.677551020408163,0.9999520728492691
p236,p239,5,2,0.0,5.677278911564626,-29.6013616686646,-9.578816128513592,0.0,0.23633156966490299,3.8612841308349743e-05,5.677551020408163,0.9999520728492691
p236,p239,5,3,0.0,5.677278911564626,-30.096189049983685,-12.39060779295787,0.0,0.26278659611992944,3.410970384720713e-05,5.677551020408163,0.9999520728492691
p236,p239,5,1,0.25,5.677278911564626,-30.39517675569477,-11.726753566067638,0.0,0.20458553791887124,3.796023520408198e-05,5.677551020408163,0.9999520728492691
p236,p239,5,2,0.25,5.677278911564626,-29.904871504771915,-9.25358130967152,0.0,0.2222222222222222,3.729202944668941e-05,5.677551020408163,0.9999520728492691
p236,p239,5,3,0.25,5.677278911564626,-30.21996078448206,-12.057118744117437,0.0,0.24338624338624337,3.298733281553723e-05,5.677551020408163,0.9999520728492691
p236,p239,5,1,0.5,5.677278911564626,-30.47806047806223,-11.309495142569348,0.0,0.18165784832451498,3.6957073461962864e-05,5.677551020408163,0.9999520728492691
p236,p239,5,2,0.5,5.677278911564626,-29.831706019605832,-9.154155582594385,0.0,0.20105820105820105,3.789051334024407e-05,5.677551020408163,0.9999520728492691
p236,p239,5,3,0.5,5.677278911564626,-29.82118766006611,-11.708366400141463,0.0,0.2310405643738977,3.3324482501484454e-05,5.677551020408163,0.9999520728492691
p236,p239,5,1,0.75,5.677278911564626,-30.528359945346935,-11.058770829011394,0.0,0.18694885361552027,3.442856905166991e-05,5.677551020408163,0.9999520728492691
p236,p239,5,2,0.75,5.677278911564626,-29.73859031150746,-8.89863675877278,0.0,0.18694885361552027,3.871035369229503e-05,5.677551020408163,0.9999520728492691
p236,p239,5,3,0.75,5.677278911564626,-29.42131601682222,-11.11577129369322,0.0,0.21693121693121692,3.505703716655262e-05,5.677551020408163,0.9999520728492691
p236,p239,5,1,1.0,5.677278911564626,-30.635565757314353,-10.776497658149772,0.0,0.18694885361552027,3.293979534646496e-05,5.677551020408163,0.9999520728492691
p236,p239,5,2,1.0,5.677278911564626,-29.61481333862128,-8.836830930046203,0.0,0.18518518518518517,4.011404962511733e-05,5.677551020408163,0.9999520728492691
p236,p239,5,3,1.0,5.677278911564626,-29.0787379684279,-10.900201440128614,0.0,0.20634920634920634,3.828934131888673e-05,5.677551020408163,0.9999520728492691
p236,p259,5,1,0.0,5.677278911564626,-25.64564332068389,-5.669418162547592,0.0,0.19576719576719576,9.44988350966014e-05,5.677551020408163,0.9999520728492691
p236,p259,5,2,0.0,5.677278911564626,-26.86428967685569,-8.209701788615549,0.0,0.328042328042328,6.576915620826185e-05,5.677551020408163,0.9999520728492691
p236,p259,5,3,0.0,5.677278911564626,-25.779920814011376,-6.071643486043591,0.0,0.3421516754850088,7.775980338919908e-05,5.677551020408163,0.9999520728492691
p236,p259,5,1,0.25,5.677278911564626,-25.912582923519324,-4.878671808946499,0.0,0.2328042328042328,8.420344238402322e-05,5.677551020408163,0.9999520728492691
p236,p259,5,2,0.25,5.677278911564626,-26.952205423344452,-8.157338075345708,0.0,0.3333333333333333,6.417823169613257e-05,5.677551020408163,0.9999520728492691
p236,p259,5,3,0.25,5.677278911564626,-25.840892003641876,-6.2456202416672575,0.0,0.3439153439153439,7.548873691121116e-05,5.677551020408163,0.9999520728492691
p236,p259,5,1,0.5,5.677278911564626,-26.02693509559394,-7.141145691432197,0.0,0.25749559082892415,7.694192026974633e-05,5.677551020408163,0.9999520728492691
p236,p259,5,2,0.5,5.677278911564626,-26.975863730078547,-8.204246684251569,0.0,0.3368606701940035,6.32818482699804e-05,5.677551020408163,0.9999520728492691
p236,p259,5,3,0.5,5.677278911564626,-25.894340267476544,-6.18165746027728,0.0,0.3439153439153439,7.364549674093723e-05,5.677551020408163,0.9999520728492691
p236,p259,5,1,0.75,5.677278911564626,-26.60778169304447,-7.77598228582347,0.0,0.2768959435626102,6.789517647121102e-05,5.677551020408163,0.9999520728492691
p236,p259,5,2,0.75,5.677278911564626,-26.998405303557888,-8.022117606976165,0.0,0.3368606701940035,6.31706861895509e-05,5.677551020408163,0.9999520728492691
p236,p259,5,3,0.75,5.677278911564626,-25.944342173255368,-6.589660843818983,0.0,0.3439153439153439,7.223400461953133e-05,5.677551020408163,0.9999520728492691
p236,p259,5,1,1.0,5.677278911564626,-27.011552606661823,-8.115403314125563,0.0,0.2945326278659612,6.181550270412117e-05,5.677551020408163,0.9999520728492691
p236,p259,5,2,1.0,5.677278911564626,-27.009459477366132,-8.502426562702796,0.0,0.3350970017636684,6.295298953773454e-05,5.677551020408163,0.9999520728492691
p236,p259,5,3,1.0,5.677278911564626,-25.98905360807136,-6.829548042816049,0.0,0.3439153439153439,7.081056537572294e-05,5.677551020408163,0.9999520728492691
p236,p263,5,1,0.0,5.677278911564626,-26.79113000466703,-9.592402194111587,0.0,0.18871252204585537,7.540633669123054e-05,5.677551020408163,0.9999520728492691
p236,p263,5,2,0.0,5.677278911564626,-26.457154890084986,-8.928223399448667,0.0,0.20634920634920634,8.325099042849615e-05,5.677551020408163,0.9999520728492691
p236,p263,5,3,0.0,5.677278911564626,-26.647363364067292,-7.696534665521385,0.0,0.25749559082892415,7.221425767056644e-05,5.677551020408163,0.9999520728492691
p236,p263,5,1,0.25,5.677278911564626,-26.9045890200714,-9.2743747779721,0.0,0.19753086419753085,7.48380771256052e-05,5.677551020408163,0.9999520728492691
p236,p263,5,2,0.25,5.677278911564626,-26.354164216056553,-8.902329582108894,0.0,0.21164021164021163,8.338068437296897e-05,5.677551020408163,0.9999520728492691
p236,p263,5,3,0.25,5.677278911564626,-26.4772701136001,-7.9205814303310005,0.0,0.25749559082892415,7.256140088429675e-05,5.677551020408163,0.9999520728492691
p236,p263,5,1,0.5,5.677278911564626,-26.594564640379765,-8.852241205908555,0.0,0.20282186948853614,7.741363515378907e-05,5.677551020408163,0.9999520728492691
p236,p263,5,2,0.5,5.677278911564626,-26.249485694803493,-8.873567110835122,0.0,0.21340388007054673,8.302939386339858e-05,5.677551020408163,0.9999520728492691
p236,p263,5,3,0.5,5.677278911564626,-26.30830901202057,-7.823480059046229,0.0,0.25925925925925924,7.262405415531248e-05,5.677551020408163,0.9999520728492691
p236,p263,5,1,0.75,5.677278911564626,-26.222006556975405,-8.347204891892607,0.0,0.20282186948853614,7.861352787585929e-05,5.677551020408163,0.9999520728492691
p236,p263,5,2,0.75,5.677278911564626,-26.141960336433655,-8.710186756123438,0.0,0.21869488536155202,8.336532482644543e-05,5.677551020408163,0.9999520728492691
p236,p263,5,3,0.75,5.677278911564626,-26.170329913739636,-7.659962444593312,0.0,0.25749559082892415,7.269889465533197e-05,5.677551020408163,0.9999520728492691
p236,p263,5,1,1.0,5.677278911564626,-25.93594204410082,-8.027459482690691,0.0,0.19047619047619047,8.065105794230476e-05,5.677551020408163,0.9999520728492691
p236,p263,5,2,1.0,5.677278911564626,-26.034663360601073,-8.727545522106952,0.0,0.2204585537918871,8.32258810987696e-05,5.677551020408163,0.9999520728492691
p236,p263,5,3,1.0,5.677278911564626,-26.122490751795105,-7.50386730562542,0.0,0.25573192239858905,8.060376421781257e-05,5.677551020408163,0.9999520728492691
p239,original,1,0,-1.0,2.2652607709750567,-32.3997654115345,-14.224846597508856,0.0,0.04888888888888889,-2.6406940378365107e-05,2.2652607709750567,1.0
p239,p236,1,1,0.0,2.2639455782312927,-33.02997381932046,-13.105833472789518,0.0,0.022222222222222223,4.100249498151243e-05,2.2652607709750567,0.999419407795952
p239,p236,1,2,0.0,2.2639455782312927,-31.175856650053305,-13.303427648793438,0.0,0.19555555555555557,3.8538222725037485e-05,2.2652607709750567,0.999419407795952
p239,p236,1,3,0.0,2.2639455782312927,-31.773870517624715,-13.395877499482864,0.0,0.0,1.5093730326043442e-05,2.2652607709750567,0.999419407795952
p239,p236,1,1,0.25,2.2639455782312927,-33.228799705810246,-13.69722532544943,0.0,0.12444444444444444,5.271190093480982e-05,2.2652607709750567,0.999419407795952
p239,p236,1,2,0.25,2.2639455782312927,-31.359186858242513,-13.518180839773798,0.0,0.20444444444444446,3.756865407922305e-05,2.2652607709750567,0.999419407795952
p239,p236,1,3,0.25,2.2639455782312927,-31.497352249947358,-13.09265942186439,0.0,0.0044444444444444444,6.716435018461198e-05,2.2652607709750567,0.999419407795952
p239,p236,1,1,0.5,2.2639455782312927,-33.540048061172186,-13.712634950374692,0.0,0.49333333333333335,2.472645246598404e-05,2.2652607709750567,0.999419407795952
p239,p236,1,2,0.5,2.2639455782312927,-31.534464801130795,-13.731935505619347,0.0,0.20444444444444446,3.680754889501259e-05,2.2652607709750567,0.999419407795952
p239,p236,1,3,0.5,2.2639455782312927,-31.93765293151148,-13.595187269304297,0.0,0.10666666666666667,6.018968633725308e-05,2.2652607709750567,0.999419407795952
p239,p236,1,1,0.75,2.2639455782312927,-33.367634663877126,-13.80697046719172,0.0,0.5111111111111111,2.1756612113676965e-05,2.2652607709750567,0.999419407795952
p239,p236,1,2,0.75,2.2639455782312927,-31.769208556307245,-13.962981131284584,0.0,0.2088888888888889,3.593946166802198e-05,2.2652607709750567,0.999419407795952
p239,p236,1,3,0.75,2.2639455782312927,-33.06714524558711,-14.248054489326991,0.0,0.32,3.5103774280287325e-05,2.2652607709750567,0.999419407795952
p239,p236,1,1,1.0,2.2639455782312927,-33.17454181509736,-13.476804455784661,0.0,0.5288888888888889,1.8869302948587574e-05,2.2652607709750567,0.999419407795952
p239,p236,1,2,1.0,2.2639455782312927,-32.019048868095126,-14.109728264869991,0.0,0.21333333333333335,3.3934909879462793e-05,2.2652607709750567,0.999419407795952
p239,p236,1,3,1.0,2.2639455782312927,-32.825453003271875,-13.855178483630455,0.0,0.3377777777777778,3.3380434615537524e-05,2.2652607709750567,0.999419407795952
p239,p259,1,1,0.0,2.2639455782312927,-27.377855398752637,-7.176198730865479,0.0,0.49333333333333335,5.957346729701385e-05,2.2652607709750567,0.999419407795952
p239,p259,1,2,0.0,2.2639455782312927,-28.797016173490235,-9.1991385656124,0.0,0.52,2.3024509573588148e-05,2.2652607709750567,0.999419407795952
p239,p259,1,3,0.0,2.2639455782312927,-27.682919733598254,-8.226771105192595,0.0,0.5466666666666666,3.90382920159027e-05,2.2652607709750567,0.999419407795952
p239,p259,1,1,0.25,2.2639455782312927,-27.70381100304188,-8.084420734489214,0.0,0.5288888888888889,4.6295386709971353e-05,2.2652607709750567,0.999419407795952
p239,p259,1,2,0.25,2.2639455782312927,-28.80788740624539,-9.154916068488845,0.0,0.5155555555555555,2.2113017621450126e-05,2.2652607709750567,0.999419407795952
p239,p259,1,3,0.25,2.2639455782312927,-27.74727949561995,-7.980829086574604,0.0,0.5511111111111111,3.859874414047226e-05,2.2652607709750567,0.999419407795952
p239,p259,1,1,0.5,2.2639455782312927,-28.40435559516252,-8.973537957469441,0.0,0.5377777777777778,3.057382127735764e-05,2.2652607709750567,0.999419407795952
p239,p259,1,2,0.5,2.2639455782312927,-28.797753863693526,-9.27591701690336,0.0,0.5155555555555555,2.093315197271295e-05,2.2652607709750567,0.999419407795952
p239,p259,1,3,0.5,2.2639455782312927,-27.810262667459188,-8.22267140893742,0.0,0.5511111111111111,3.8343820051522925e-05,2.2652607709750567,0.999419407795952
p239,p259,1,1,0.75,2.2639455782312927,-29.054834882934358,-9.469308669432792,0.0,0.5511111111111111,1.35207783387159e-05,2.2652607709750567,0.999419407795952
p239,p259,1,2,0.75,2.2639455782312927,-28.773188117014495,-9.013102475262178,0.0,0.52,2.0263134501874447e-05,2.2652607709750567,0.999419407795952
p239,p259,1,3,0.75,2.2639455782312927,-27.86251441260605,-8.216525490465475,0.0,0.5555555555555556,3.7622452509822324e-05,2.2652607709750567,0.999419407795952
p239,p259,1,1,1.0,2.2639455782312927,-29.357121039112094,-9.985051628918157,0.0,0.5733333333333334,1.0915902748820372e-05,2.2652607709750567,0.999419407795952
p239,p259,1,2,1.0,2.2639455782312927,-28.730209159130663,-8.90306833521485,0.0,0.5155555555555555,1.967136631719768e-05,2.2652607709750567,0.999419407795952
p239,p259,1,3,1.0,2.2639455782312927,-27.903265207957745,-8.190623893444606,0.0,0.56,3.6810604797210544e-05,2.2652607709750567,0.999419407795952
p239,p263,1,1,0.0,2.2639455782312927,-29.13103064846824,-11.297807466926464,0.0,0.49777777777777776,3.782908243010752e-05,2.2652607709750567,0.999419407795952
p239,p263,1,2,0.0,2.2639455782312927,-28.0324996830906,-10.670815297348842,0.0,0.19111111111111112,5.378356217988767e-05,2.2652607709750567,0.999419407795952
p239,p263,1,3,0.0,2.2639455782312927,-28.623463439931015,-9.422124001266516,0.0,0.3288888888888889,2.7273863452137448e-05,2.2652607709750567,0.999419407795952
p239,p263,1,1,0.25,2.2639455782312927,-28.98117244838392,-11.145368747864064,0.0,0.49333333333333335,3.4406246413709596e-05,2.2652607709750567,0.999419407795952
p239,p263,1,2,0.25,2.2639455782312927,-27.93175124424674,-10.581626827759532,0.0,0.20444444444444446,5.3407595260068774e-05,2.2652607709750567,0.999419407795952
p239,p263,1,3,0.25,2.2639455782312927,-28.42279938931377,-9.256658684243316,0.0,0.3288888888888889,2.6787854949361645e-05,2.2652607709750567,0.999419407795952
p239,p263,1,1,0.5,2.2639455782312927,-28.728907026927967,-10.851063010433176,0.0,0.48444444444444446,3.285774801042862e-05,2.2652607709750567,0.999419407795952
p239,p263,1,2,0.5,2.2639455782312927,-27.828714668719336,-10.595081505368103,0.0,0.21333333333333335,5.324437006493099e-05,2.2652607709750567,0.999419407795952
p239,p263,1,3,0.5,2.2639455782312927,-28.222176093073795,-9.113187907690342,0.0,0.3288888888888889,2.605120425869245e-05,2.2652607709750567,0.999419407795952
p239,p263,1,1,0.75,2.2639455782312927,-28.496032389235676,-10.622954059566784,0.0,0.49333333333333335,3.792811548919417e-05,2.2652607709750567,0.999419407795952
p239,p263,1,2,0.75,2.2639455782312927,-27.709319342517325,-10.503998040608915,0.0,0.21333333333333335,5.304141086526215e-05,2.2652607709750567,0.999419407795952
p239,p263,1,3,0.75,2.2639455782312927,-28.08973307894921,-8.939344423934962,0.0,0.3244444444444444,2.7331938326824456e-05,2.2652607709750567,0.999419407795952
p239,p263,1,1,1.0,2.2639455782312927,-28.10737854108349,-9.733508169165958,0.0,0.4888888888888889,4.76470377179794e-05,2.2652607709750567,0.999419407795952
p239,p263,1,2,1.0,2.2639455782312927,-27.595515725881093,-10.347300940434659,0.0,0.21333333333333335,5.3180181566858664e-05,2.2652607709750567,0.999419407795952
p239,p263,1,3,1.0,2.2639455782312927,-27.762057611835367,-8.779830944927461,0.0,0.32,2.9284527045092545e-05,2.2652607709750567,0.999419407795952
p239,original,2,0,-1.0,3.4151927437641723,-28.873833512717532,-8.282995089818122,0.0,0.11764705882352941,-1.6368980141123757e-05,3.4151927437641723,1.0
p239,p236,2,1,0.0,3.4133333333333336,-31.50235890958637,-10.503998040608915,0.0,0.0,1.2139884347561747e-05,3.4151927437641723,0.9994555474404091
p239,p236,2,2,0.0,3.4133333333333336,-31.52954576816647,-12.503932596067024,0.0,0.09705882352941177,4.547388380160555e-05,3.4151927437641723,0.9994555474404091
p239,p236,2,3,0.0,3.4133333333333336,-30.13868253487257,-8.568996283251249,0.0,0.0,3.9350419683614746e-05,3.4151927437641723,0.9994555474404091
p239,p236,2,1,0.25,3.4133333333333336,-31.649587021123246,-10.793930918438514,0.0,0.0,6.8934596129111014e-06,3.4151927437641723,0.9994555474404091
p239,p236,2,2,0.25,3.4133333333333336,-31.619186869462116,-12.442642466835734,0.0,0.09705882352941177,4.6314835344674066e-05,3.4151927437641723,0.9994555474404091
p239,p236,2,3,0.25,3.4133333333333336,-30.351582876072865,-8.691420492334391,0.0,0.0,3.674322215374559e-05,3.4151927437641723,0.9994555474404091
p239,p236,2,1,0.5,3.4133333333333336,-31.850437443104628,-11.110054384993175,0.0,0.0,1.1534512850630563e-05,3.4151927437641723,0.9994555474404091
p239,p236,2,2,0.5,3.4133333333333336,-31.703923588941393,-12.33888298847123,0.0,0.11470588235294117,4.742948294733651e-05,3.4151927437641723,0.9994555474404091
p239,p236,2,3,0.5,3.4133333333333336,-30.590465827251535,-8.858118986297322,0.0,0.0,4.069132046424784e-05,3.4151927437641723,0.9994555474404091
p239,p236,2,1,0.75,3.4133333333333336,-32.388771176142725,-11.585763880938238,0.0,0.0,4.253906445228495e-05,3.4151927437641723,0.9994555474404091
p239,p236,2,2,0.75,3.4133333333333336,-31.778244910427496,-12.228761027211092,0.0,0.13529411764705881,4.829314275411889e-05,3.4151927437641723,0.9994555474404091
p239,p236,2,3,0.75,3.4133333333333336,-30.703169313135717,-10.543171861015368,0.0,0.0058823529411764705,2.7139170924783684e-05,3.4151927437641723,0.9994555474404091
p239,p236,2,1,1.0,3.4133333333333336,-32.98228905473487,-12.810089977445763,0.0,0.21470588235294116,3.667794226203114e-05,3.4151927437641723,0.9994555474404091
p239,p236,2,2,1.0,3.4133333333333336,-31.835379133505505,-12.135010052114756,0.0,0.14411764705882352,4.834666469832882e-05,3.4151927437641723,0.9994555474404091
p239,p236,2,3,1.0,3.4133333333333336,-32.05354895953944,-12.846075672591128,0.0,0.2235294117647059,4.280465145711787e-05,3.4151927437641723,0.9994555474404091
p239,p259,2,1,0.0,3.4133333333333336,-27.347410965808233,-6.0572571366990395,0.0,0.2911764705882353,4.87918769067619e-05,3.4151927437641723,0.9994555474404091
p239,p259,2,2,0.0,3.4133333333333336,-28.741220109891984,-10.31421179703452,0.0,0.36764705882352944,3.119755638181232e-05,3.4151927437641723,0.9994555474404091
p239,p259,2,3,0.0,3.4133333333333336,-27.257148479100092,-7.845691281114537,0.0,0.38529411764705884,7.018831820460036e-05,3.4151927437641723,0.9994555474404091
p239,p259,2,1,0.25,3.4133333333333336,-27.865013230470822,-6.98098852767359,0.0,0.3382352941176471,2.9744340281467885e-05,3.4151927437641723,0.9994555474404091
p239,p259,2,2,0.25,3.4133333333333336,-28.822145363505776,-10.308130153628648,0.0,0.3735294117647059,3.489345181151293e-05,3.4151927437641723,0.9994555474404091
p239,p259,2,3,0.25,3.4133333333333336,-27.316649883460407,-7.939735903665381,0.0,0.3911764705882353,6.912881508469582e-05,3.4151927437641723,0.9994555474404091
p239,p259,2,1,0.5,3.4133333333333336,-28.78323253851972,-8.784202303669973,0.0,0.36764705882352944,2.986760409839917e-05,3.4151927437641723,0.9994555474404091
p239,p259,2,2,0.5,3.4133333333333336,-28.841902860929732,-10.119980783192633,0.0,0.37941176470588234,3.4679767850320786e-05,3.4151927437641723,0.9994555474404091
p239,p259,2,3,0.5,3.4133333333333336,-27.486555763255346,-7.8784583700652675,0.0,0.3941176470588235,6.690804002573714e-05,3.4151927437641723,0.9994555474404091
p239,p259,2,1,0.75,3.4133333333333336,-29.18822956216545,-9.126064310645555,0.0,0.3735294117647059,2.6511092073633336e-05,3.4151927437641723,0.9994555474404091
p239,p259,2,2,0.75,3.4133333333333336,-28.717160420711036,-9.358050037596149,0.0,0.3764705882352941,5.029658859712072e-05,3.4151927437641723,0.9994555474404091
p239,p259,2,3,0.75,3.4133333333333336,-27.609296340063125,-8.17906129639264,0.0,0.4,6.519167072838172e-05,3.4151927437641723,0.9994555474404091
p239,p259,2,1,1.0,3.4133333333333336,-29.419795984839507,-9.40723546831237,0.0,0.38823529411764707,2.462888187437784e-05,3.4151927437641723,0.9994555474404091
p239,p259,2,2,1.0,3.4133333333333336,-28.734307773762666,-9.177761661980181,0.0,0.3764705882352941,5.483059794642031e-05,3.4151927437641723,0.9994555474404091
p239,p259,2,3,1.0,3.4133333333333336,-27.6262202695465,-8.356912121683408,0.0,0.40294117647058825,6.413419032469392e-05,3.4151927437641723,0.9994555474404091
p239,p263,2,1,0.0,3.4133333333333336,-28.837114107842353,-9.421339757697924,0.0,0.25,6.927357026143e-05,3.4151927437641723,0.9994555474404091
p239,p263,2,2,0.0,3.4133333333333336,-29.119527564616,-10.269135222695418,0.0,0.16176470588235295,6.291939644142985e-05,3.4151927437641723,0.9994555474404091
p239,p263,2,3,0.0,3.4133333333333336,-28.31626668636956,-9.668718015977799,0.0,0.20294117647058824,7.586413994431496e-05,3.4151927437641723,0.9994555474404091
p239,p263,2,1,0.25,3.4133333333333336,-28.81115187726417,-9.426046281594193,0.0,0.25588235294117645,6.999531615292653e-05,3.4151927437641723,0.9994555474404091
p239,p263,2,2,0.25,3.4133333333333336,-29.139976811260926,-10.518222632755155,0.0,0.1676470588235294,6.210074207047e-05,3.4151927437641723,0.9994555474404091
p239,p263,2,3,0.25,3.4133333333333336,-28.222350367586067,-9.634091978888542,0.0,0.20588235294117646,7.623068813700229e-05,3.4151927437641723,0.9994555474404091
p239,p263,2,1,0.5,3.4133333333333336,-28.971500171604912,-9.28826479634479,0.0,0.24411764705882352,6.742664118064567e-05,3.4151927437641723,0.9994555474404091
p239,p263,2,2,0.5,3.4133333333333336,-29.1088052032412,-10.450862334699178,0.0,0.1676470588235294,6.146455416455865e-05,3.4151927437641723,0.9994555474404091
p239,p263,2,3,0.5,3.4133333333333336,-28.04645422883388,-9.512787616201383,0.0,0.21176470588235294,7.67926758271642e-05,3.4151927437641723,0.9994555474404091
p239,p263,2,1,0.75,3.4133333333333336,-28.793490737059763,-9.511995144175101,0.0,0.24705882352941178,6.875619146740064e-05,3.4151927437641723,0.9994555474404091
p239,p263,2,2,0.75,3.4133333333333336,-29.06343645983195,-10.271729445315538,0.0,0.1676470588235294,6.0892834881087765e-05,3.4151927437641723,0.9994555474404091
p239,p263,2,3,0.75,3.4133333333333336,-27.887121811444835,-9.381436938203327,0.0,0.20294117647058824,7.900859054643661e-05,3.4151927437641723,0.9994555474404091
p239,p263,2,1,1.0,3.4133333333333336,-28.643678650966244,-9.615627582483267,0.0,0.25,7.188482413766906e-05,3.4151927437641723,0.9994555474404091
p239,p263,2,2,1.0,3.4133333333333336,-28.997523835892537,-10.197667276500372,0.0,0.17058823529411765,6.0360853240126744e-05,3.4151927437641723,0.9994555474404091
p239,p263,2,3,1.0,3.4133333333333336,-27.73327445265241,-9.357271557681843,0.0,0.20294117647058824,8.04342344054021e-05,3.4151927437641723,0.9994555474404091
p239,original,3,0,-1.0,6.7444444444444445,-28.35170369972434,-8.616758281865907,0.0,0.03857566765578635,-1.7817021216615103e-05,6.7444444444444445,1.0
p239,p236,3,1,0.0,6.733786848072563,-29.74544797478853,-8.66694101262892,0.0,0.0,5.192448224988766e-05,6.7444444444444445,0.998419796254581
p239,p236,3,2,0.0,6.733786848072563,-29.303501745846148,-9.84230304840121,0.0,0.15453194650817237,7.318505231523886e-05,6.7444444444444445,0.998419796254581
p239,p236,3,3,0.0,6.733786848072563,-29.060398123886575,-8.00744436598091,0.0,0.0,5.925626464886591e-05,6.7444444444444445,0.998419796254581
p239,p236,3,1,0.25,6.733786848072563,-29.989612682703445,-9.076933707002153,0.0,0.0,6.195450987434015e-05,6.7444444444444445,0.998419796254581
p239,p236,3,2,0.25,6.733786848072563,-29.63672701269048,-10.387525609460134,0.0,0.1649331352154532,6.592232966795564e-05,6.7444444444444445,0.998419796254581
p239,p236,3,3,0.25,6.733786848072563,-32.69177125031903,-11.797600508293051,0.0,0.09955423476968796,3.2536325306864455e-05,6.7444444444444445,0.998419796254581
p239,p236,3,1,0.5,6.733786848072563,-30.202112332890746,-9.136682758958257,0.0,0.0014858841010401188,5.86906389798969e-05,6.7444444444444445,0.998419796254581
p239,p236,3,2,0.5,6.733786848072563,-29.681522821436104,-10.393663118166138,0.0,0.16790490341753342,6.406615284504369e-05,6.7444444444444445,0.998419796254581
p239,p236,3,3,0.5,6.733786848072563,-29.632801637328,-8.9148969381331,0.0,0.008915304606240713,7.173296035034582e-05,6.7444444444444445,0.998419796254581
p239,p236,3,1,0.75,6.733786848072563,-30.42659475584541,-9.245124147151785,0.0,0.03714710252600297,5.738796971854754e-05,6.7444444444444445,0.998419796254581
p239,p236,3,2,0.75,6.733786848072563,-29.692051067923902,-10.155749768420879,0.0,0.16939078751857356,6.311063043540344e-05,6.7444444444444445,0.998419796254581
p239,p236,3,3,0.75,6.733786848072563,-30.016097523931464,-9.529446252514504,0.0,0.1263001485884101,5.99719314777758e-05,6.7444444444444445,0.998419796254581
p239,p236,3,1,1.0,6.733786848072563,-30.867015281633936,-9.776699340474078,0.0,0.1352154531946508,5.957997927907854e-05,6.7444444444444445,0.998419796254581
p239,p236,3,2,1.0,6.733786848072563,-29.468131505424143,-9.814360906062491,0.0,0.1589895988112927,6.67582280584611e-05,6.7444444444444445,0.998419796254581
p239,p236,3,3,1.0,6.733786848072563,-33.164476972521406,-10.612154071059368,0.0,0.17830609212481427,2.536712054279633e-05,6.7444444444444445,0.998419796254581
p239,p259,3,1,0.0,6.733786848072563,-25.929081652160335,-4.701984838259322,0.0,0.2763744427934621,8.747701212996617e-05,6.7444444444444445,0.998419796254581
p239,p259,3,2,0.0,6.733786848072563,-27.545235262455613,-7.717778652991586,0.0,0.3016344725111441,5.995590254315175e-05,6.7444444444444445,0.998419796254581
p239,p259,3,3,0.0,6.733786848072563,-10.732763262746541,-0.0005301608019318732,0.00031654094827586205,0.0,0.004047665745019913,6.7444444444444445,0.998419796254581
p239,p259,3,1,0.25,6.733786848072563,-26.29074425507493,-5.301086638036043,0.0,0.2823179791976226,8.096016972558573e-05,6.7444444444444445,0.998419796254581
p239,p259,3,2,0.25,6.733786848072563,-27.561831463373903,-7.619081582480006,0.0,0.300148588410104,7.131613529054448e-05,6.7444444444444445,0.998419796254581
p239,p259,3,3,0.25,6.733786848072563,-26.76962509106522,-6.734062768596342,0.0,0.2867756315007429,6.701164966216311e-05,6.7444444444444445,0.998419796254581
p239,p259,3,1,0.5,6.733786848072563,-26.623054450496475,-5.847910435595224,0.0,0.28826151560178304,7.638992974534631e-05,6.7444444444444445,0.998419796254581
p239,p259,3,2,0.5,6.733786848072563,-27.547743195038446,-7.574587356045448,0.0,0.300148588410104,7.363516488112509e-05,6.7444444444444445,0.998419796254581
p239,p259,3,3,0.5,6.733786848072563,-27.415521887611828,-6.551818692356626,0.0,0.28083209509658247,7.57336601964198e-05,6.7444444444444445,0.998419796254581
p239,p259,3,1,0.75,6.733786848072563,-26.959292907133253,-7.139939485398035,0.0,0.3060921248142645,7.268293120432645e-05,6.7444444444444445,0.998419796254581
p239,p259,3,2,0.75,6.733786848072563,-27.652882042267244,-7.589181760741054,0.0,0.2986627043090639,7.177385850809515e-05,6.7444444444444445,0.998419796254581
p239,p259,3,3,0.75,6.733786848072563,-22.219173028161737,-2.0971653015209166,0.0,0.19465081723625557,0.00015541890752501786,6.7444444444444445,0.998419796254581
p239,p259,3,1,1.0,6.733786848072563,-27.198219398937606,-7.627369949923225,0.0,0.3164933135215453,6.9536836235784e-05,6.7444444444444445,0.998419796254581
p239,p259,3,2,1.0,6.733786848072563,-27.547042659901585,-7.5828333540573025,0.0,0.2971768202080238,7.225727313198149e-05,6.7444444444444445,0.998419796254581
p239,p259,3,3,1.0,6.733786848072563,-26.865502138879727,-6.739819970131469,0.0,0.300148588410104,6.174958980409428e-05,6.7444444444444445,0.998419796254581
p239,p263,3,1,0.0,6.733786848072563,-27.80045836294182,-9.523889823038632,0.0,0.15601783060921248,7.23228367860429e-05,6.7444444444444445,0.998419796254581
p239,p263,3,2,0.0,6.733786848072563,-28.030093319388403,-9.839011068207155,0.0,0.212481426448737,6.121869955677539e-05,6.7444444444444445,0.998419796254581
p239,p263,3,3,0.0,6.733786848072563,-27.9924094780033,-9.91836500854204,0.0,0.2362555720653789,5.7399069191887975e-05,6.7444444444444445,0.998419796254581
p239,p263,3,1,0.25,6.733786848072563,-27.83081398761276,-9.337055531136787,0.0,0.16047548291233285,7.179626118158922e-05,6.7444444444444445,0.998419796254581
p239,p263,3,2,0.25,6.733786848072563,-27.950603237999346,-9.715642645661319,0.0,0.2139673105497771,5.967740435153246e-05,6.7444444444444445,0.998419796254581
p239,p263,3,3,0.25,6.733786848072563,-27.87702045806098,-9.662265502253229,0.0,0.23476968796433878,5.7093235227512196e-05,6.7444444444444445,0.998419796254581
p239,p263,3,1,0.5,6.733786848072563,-27.783851443395516,-9.105622460266625,0.0,0.16047548291233285,7.02594916219823e-05,6.7444444444444445,0.998419796254581
p239,p263,3,2,0.5,6.733786848072563,-27.87511984976803,-9.418203491320453,0.0,0.21545319465081725,5.845406849402934e-05,6.7444444444444445,0.998419796254581
p239,p263,3,3,0.5,6.733786848072563,-27.72560153248342,-9.929166805054889,0.0,0.22734026745913818,5.765413516201079e-05,6.7444444444444445,0.998419796254581
p239,p263,3,1,0.75,6.733786848072563,-27.704369535662124,-9.357271557681843,0.0,0.1485884101040119,7.045371603453532e-05,6.7444444444444445,0.998419796254581
p239,p263,3,2,0.75,6.733786848072563,-27.80027964201968,-9.432325616505695,0.0,0.23476968796433878,5.604213583865203e-05,6.7444444444444445,0.998419796254581
p239,p263,3,3,0.75,6.733786848072563,-27.506578636116732,-9.833253103370481,0.0,0.22734026745913818,5.8341232943348587e-05,6.7444444444444445,0.998419796254581
p239,p263,3,1,1.0,6.733786848072563,-27.529777831140954,-9.368176630850677,0.0,0.14561664190193166,6.950497481739148e-05,6.7444444444444445,0.998419796254581
p239,p263,3,2,1.0,6.733786848072563,-27.714199615799473,-9.316111647782972,0.0,0.2362555720653789,5.5499527661595494e-05,6.7444444444444445,0.998419796254581
p239,p263,3,3,1.0,6.733786848072563,-27.349685189440933,-9.725382921016811,0.0,0.2303120356612184,5.891795808565803e-05,6.7444444444444445,0.998419796254581
p239,original,4,0,-1.0,4.997324263038549,-27.09375706992416,-6.742123919651091,0.0,0.036072144288577156,-1.7864487745100632e-05,4.997324263038549,1.0
p239,p236,4,1,0.0,4.992290249433107,-29.635817376413435,-11.192358494514416,0.0,0.010040160642570281,6.676551856799051e-05,4.997324263038549,0.9989926582025755
p239,p236,4,2,0.0,4.992290249433107,-29.247583713326645,-10.956167417503472,0.0,0.1566265060240964,5.893374691368081e-05,4.997324263038549,0.9989926582025755
p239,p236,4,3,0.0,4.992290249433107,-28.83022522774918,-10.297714375858423,0.0,0.002008032128514056,0.00011090733460150659,4.997324263038549,0.9989926582025755
p239,p236,4,1,0.25,4.992290249433107,-29.470056631278318,-10.245822020148863,0.0,0.004016064257028112,8.183578756870702e-05,4.997324263038549,0.9989926582025755
p239,p236,4,2,0.25,4.992290249433107,-29.33250498778991,-10.924409101910946,0.0,0.16265060240963855,5.8130885008722544e-05,4.997324263038549,0.9989926582025755
p239,p236,4,3,0.25,4.992290249433107,-29.023045052997233,-10.129334622857042,0.0,0.002008032128514056,0.00010997721983585507,4.997324263038549,0.9989926582025755
p239,p236,4,1,0.5,4.992290249433107,-29.58990804089794,-10.426176476643063,0.0,0.01606425702811245,8.09536431916058e-05,4.997324263038549,0.9989926582025755
p239,p236,4,2,0.5,4.992290249433107,-29.397244067273427,-10.988042277634506,0.0,0.16666666666666666,5.767123730038293e-05,4.997324263038549,0.9989926582025755
p239,p236,4,3,0.5,4.992290249433107,-29.38403054093928,-10.137846863481512,0.0,0.0,6.067503272788599e-05,4.997324263038549,0.9989926582025755
p239,p236,4,1,0.75,4.992290249433107,-29.669628149142262,-10.367389989731087,0.0,0.0321285140562249,7.760441803839058e-05,4.997324263038549,0.9989926582025755
p239,p236,4,2,0.75,4.992290249433107,-29.436746753837618,-11.05403763199054,0.0,0.1686746987951807,5.710651748813689e-05,4.997324263038549,0.9989926582025755
p239,p236,4,3,0.75,4.992290249433107,-29.651920336580634,-10.81876484441761,0.0,0.1566265060240964,5.3416020818986e-05,4.997324263038549,0.9989926582025755
p239,p236,4,1,1.0,4.992290249433107,-29.364641593651676,-10.79760554129101,0.0,0.19076305220883535,5.6166980357374996e-05,4.997324263038549,0.9989926582025755
p239,p236,4,2,1.0,4.992290249433107,-29.42610853885968,-11.012496341495721,0.0,0.18072289156626506,5.654872802551836e-05,4.997324263038549,0.9989926582025755
p239,p236,4,3,1.0,4.992290249433107,-29.66821275557119,-10.737172162762965,0.0,0.3253012048192771,4.644892760552466e-05,4.997324263038549,0.9989926582025755
p239,p259,4,1,0.0,4.992290249433107,-26.22086676096803,-5.218520525464515,0.0,0.3855421686746988,7.533195457654074e-05,4.997324263038549,0.9989926582025755
p239,p259,4,2,0.0,4.992290249433107,-27.97543832010313,-8.380532087266152,0.0,0.37349397590361444,4.7952351451385766e-05,4.997324263038549,0.9989926582025755
p239,p259,4,3,0.0,4.992290249433107,-27.441908821142214,-7.0023312472352455,0.0,0.41164658634538154,6.075376586522907e-05,4.997324263038549,0.9989926582025755
p239,p259,4,1,0.25,4.992290249433107,-27.03485838906317,-6.365593757056268,0.0,0.40763052208835343,6.950151146156713e-05,4.997324263038549,0.9989926582025755
p239,p259,4,2,0.25,4.992290249433107,-27.83471509465935,-8.180420803303857,0.0,0.3795180722891566,5.093840809422545e-05,4.997324263038549,0.9989926582025755
p239,p259,4,3,0.25,4.992290249433107,-27.548005524497313,-7.3289296606032135,0.0,0.38353413654618473,6.49759967927821e-05,4.997324263038549,0.9989926582025755
p239,p259,4,1,0.5,4.992290249433107,-27.447557046823153,-6.704186680060759,0.0,0.41967871485943775,6.286682037170976e-05,4.997324263038549,0.9989926582025755
p239,p259,4,2,0.5,4.992290249433107,-27.823437529515576,-8.35413752027408,0.0,0.38353413654618473,5.121397407492623e-05,4.997324263038549,0.9989926582025755
p239,p259,4,3,0.5,4.992290249433107,-27.486931941012763,-7.495695899639054,0.0,0.38755020080321284,6.422663864213973e-05,4.997324263038549,0.9989926582025755
p239,p259,4,1,0.75,4.992290249433107,-28.067481825731715,-7.085832855051076,0.0,0.42168674698795183,5.585093822446652e-05,4.997324263038549,0.9989926582025755
p239,p259,4,2,0.75,4.992290249433107,-27.80553080423939,-8.281619434186796,0.0,0.38353413654618473,5.178701030672528e-05,4.997324263038549,0.9989926582025755
p239,p259,4,3,0.75,4.992290249433107,-27.50534317660478,-7.60189251099802,0.0,0.39357429718875503,6.377392128342763e-05,4.997324263038549,0.9989926582025755
p239,p259,4,1,1.0,4.992290249433107,-28.383024115789965,-7.496952538767121,0.0,0.42369477911646586,5.2550225518643856e-05,4.997324263038549,0.9989926582025755
p239,p259,4,2,1.0,4.992290249433107,-27.751264890320204,-8.240450751516578,0.0,0.3855421686746988,5.2739851525984704e-05,4.997324263038549,0.9989926582025755
p239,p259,4,3,1.0,4.992290249433107,-27.534405701830917,-7.477495033157416,0.0,0.39959839357429716,6.290563032962382e-05,4.997324263038549,0.9989926582025755
p239,p263,4,1,0.0,4.992290249433107,-27.677810291673484,-9.94497824924124,0.0,0.28313253012048195,6.654096068814397e-05,4.997324263038549,0.9989926582025755
p239,p263,4,2,0.0,4.992290249433107,-27.83666510895861,-8.696468960734604,0.0,0.23293172690763053,5.826423512189649e-05,4.997324263038549,0.9989926582025755
p239,p263,4,3,0.0,4.992290249433107,-27.86258641458922,-9.174712108841494,0.0,0.27309236947791166,6.35734832030721e-05,4.997324263038549,0.9989926582025755
p239,p263,4,1,0.25,4.992290249433107,-27.681865008922703,-9.6727532725605,0.0,0.27710843373493976,6.514870619866997e-05,4.997324263038549,0.9989926582025755
p239,p263,4,2,0.25,4.992290249433107,-27.87708777221935,-8.748567088762854,0.0,0.2429718875502008,5.616115959128365e-05,4.997324263038549,0.9989926582025755
p239,p263,4,3,0.25,4.992290249433107,-27.76800186225998,-9.197609897949523,0.0,0.26506024096385544,6.478054274339229e-05,4.997324263038549,0.9989926582025755
p239,p263,4,1,0.5,4.992290249433107,-27.705427782444776,-9.614023836238305,0.0,0.27710843373493976,6.411851791199297e-05,4.997324263038549,0.9989926582025755
p239,p263,4,2,0.5,4.992290249433107,-27.832853219660457,-8.894945504780699,0.0,0.2469879518072289,5.4916392400627956e-05,4.997324263038549,0.9989926582025755
p239,p263,4,3,0.5,4.992290249433107,-27.65710015069047,-9.141996854956405,0.0,0.26506024096385544,6.482074240921065e-05,4.997324263038549,0.9989926582025755
p239,p263,4,1,0.75,4.992290249433107,-27.663707168384143,-9.607611810746016,0.0,0.27710843373493976,6.210221908986568e-05,4.997324263038549,0.9989926582025755
p239,p263,4,2,0.75,4.992290249433107,-27.791184030282302,-8.828037317917698,0.0,0.2469879518072289,5.3959392971592024e-05,4.997324263038549,0.9989926582025755
p239,p263,4,3,0.75,4.992290249433107,-27.52400434483254,-9.021336610925886,0.0,0.26907630522088355,6.524324271595106e-05,4.997324263038549,0.9989926582025755
p239,p263,4,1,1.0,4.992290249433107,-27.516923000002436,-9.344048063089408,0.0,0.26506024096385544,6.185908569023013e-05,4.997324263038549,0.9989926582025755
p239,p263,4,2,1.0,4.992290249433107,-27.735760801127224,-8.7529227376488,0.0,0.24899598393574296,5.375368709792383e-05,4.997324263038549,0.9989926582025755
p239,p263,4,3,1.0,4.992290249433107,-27.375017850066477,-8.830234886465293,0.0,0.26506024096385544,6.568459502886981e-05,4.997324263038549,0.9989926582025755
p239,original,5,0,-1.0,5.547437641723356,-26.056686555238965,-8.91341748153984,0.0,0.030685920577617327,-1.741324012982659e-05,5.547437641723356,1.0
p239,p236,5,1,0.0,5.537959183673469,-29.61219923000256,-12.7075970178755,0.0,0.009041591320072333,6.0784743254771456e-05,5.547437641723356,0.9982913808749111
p239,p236,5,2,0.0,5.537959183673469,-30.234816744039342,-12.10825622809833,0.0,0.14647377938517178,5.06412070535589e-05,5.547437641723356,0.9982913808749111
p239,p236,5,3,0.0,5.537959183673469,-29.417395871473126,-12.079454357037413,0.0,0.0054249547920434,4.802584953722544e-05,5.547437641723356,0.9982913808749111
p239,p236,5,1,0.25,5.537959183673469,-29.81235113599814,-12.824002243588277,0.0,0.0108499095840868,6.076224963180721e-05,5.547437641723356,0.9982913808749111
p239,p236,5,2,0.25,5.537959183673469,-30.285467793170447,-11.763645082943077,0.0,0.14828209764918626,4.97625042044092e-05,5.547437641723356,0.9982913808749111
p239,p236,5,3,0.25,5.537959183673469,-29.691117844868643,-12.28746438463352,0.0,0.0054249547920434,5.4341442591976374e-05,5.547437641723356,0.9982913808749111
p239,p236,5,1,0.5,5.537959183673469,-30.026802383367208,-13.179254441782138,0.0,0.0018083182640144665,6.742872210452333e-05,5.547437641723356,0.9982913808749111
p239,p236,5,2,0.5,5.537959183673469,-30.328287677306065,-11.692054865511043,0.0,0.15009041591320071,4.920269566355273e-05,5.547437641723356,0.9982913808749111
p239,p236,5,3,0.5,5.537959183673469,-29.992442066623184,-12.339980315190903,0.0,0.003616636528028933,5.889163730898872e-05,5.547437641723356,0.9982913808749111
p239,p236,5,1,0.75,5.537959183673469,-30.049922910732132,-12.73856278913258,0.0,0.0,6.788031896576285e-05,5.547437641723356,0.9982913808749111
p239,p236,5,2,0.75,5.537959183673469,-30.415829829067825,-11.859679793192068,0.0,0.15732368896925858,4.8254769353661686e-05,5.547437641723356,0.9982913808749111
p239,p236,5,3,0.75,5.537959183673469,-30.213772655761847,-12.32243970160539,0.0,0.007233273056057866,6.834015948697925e-05,5.547437641723356,0.9982913808749111
p239,p236,5,1,1.0,5.537959183673469,-30.387123864084963,-12.725933775471843,0.0,0.11754068716094032,5.672287807101384e-05,5.547437641723356,0.9982913808749111
p239,p236,5,2,1.0,5.537959183673469,-30.404218459500733,-11.74210599386355,0.0,0.15732368896925858,4.7901641664793715e-05,5.547437641723356,0.9982913808749111
p239,p236,5,3,1.0,5.537959183673469,-30.331862624365918,-12.229844528695441,0.0,0.12839059674502712,5.789498027297668e-05,5.547437641723356,0.9982913808749111
p239,p259,5,1,0.0,5.537959183673469,-25.938586044898315,-4.829538623788225,0.0,0.13200723327305605,9.378897084388882e-05,5.547437641723356,0.9982913808749111
p239,p259,5,2,0.0,5.537959183673469,-26.81139103185533,-7.761070883640993,0.0,0.23508137432188064,6.721479439875111e-05,5.547437641723356,0.9982913808749111
p239,p259,5,3,0.0,5.537959183673469,-26.006906551558025,-6.12084333724927,0.0,0.189873417721519,8.973285730462521e-05,5.547437641723356,0.9982913808749111
p239,p259,5,1,0.25,5.537959183673469,-26.08491283051393,-5.008394744717725,0.0,0.15913200723327306,9.020594734465703e-05,5.547437641723356,0.9982913808749111
p239,p259,5,2,0.25,5.537959183673469,-26.877833929061396,-7.9675519674530655,0.0,0.23869801084990958,7.144160190364346e-05,5.547437641723356,0.9982913808749111
p239,p259,5,3,0.25,5.537959183673469,-26.090127457099793,-6.2516069448723055,0.0,0.189873417721519,8.701778278918937e-05,5.547437641723356,0.9982913808749111
p239,p259,5,1,0.5,5.537959183673469,-26.40100919402723,-5.231097556543107,0.0,0.17902350813743217,8.225991041399539e-05,5.547437641723356,0.9982913808749111
p239,p259,5,2,0.5,5.537959183673469,-26.960774701516577,-7.978836224425666,0.0,0.24050632911392406,6.956224387977272e-05,5.547437641723356,0.9982913808749111
p239,p259,5,3,0.5,5.537959183673469,-26.159058151624844,-6.366697077430955,0.0,0.19710669077757687,8.479753887513652e-05,5.547437641723356,0.9982913808749111
p239,p259,5,1,0.75,5.537959183673469,-26.72733732741463,-5.898469028636376,0.0,0.20253164556962025,7.532203017035499e-05,5.547437641723356,0.9982913808749111
p239,p259,5,2,0.75,5.537959183673469,-27.026674231684026,-6.134261156888639,0.0,0.24593128390596744,6.859282439108938e-05,5.547437641723356,0.9982913808749111
p239,p259,5,3,0.75,5.537959183673469,-26.197302352934653,-6.533240446426543,0.0,0.20433996383363473,8.288219396490604e-05,5.547437641723356,0.9982913808749111
p239,p259,5,1,1.0,5.537959183673469,-27.014043841272482,-6.6624178868415465,0.0,0.20976491862567812,7.035497401375324e-05,5.547437641723356,0.9982913808749111
p239,p259,5,2,1.0,5.537959183673469,-27.024429261931537,-6.479419490304052,0.0,0.24593128390596744,6.954524724278599e-05,5.547437641723356,0.9982913808749111
p239,p259,5,3,1.0,5.537959183673469,-26.24364865268412,-6.69444174428545,0.0,0.20433996383363473,8.132422954076901e-05,5.547437641723356,0.9982913808749111
p239,p263,5,1,0.0,5.537959183673469,-27.38142729216863,-7.361656543298357,0.0,0.1410488245931284,7.154731429181993e-05,5.547437641723356,0.9982913808749111
p239,p263,5,2,0.0,5.537959183673469,-27.524984666454245,-9.064882522775443,0.0,0.11934900542495479,6.501129973912612e-05,5.547437641723356,0.9982913808749111
p239,p263,5,3,0.0,5.537959183673469,-27.51728204297843,-9.182338000146128,0.0,0.08860759493670886,7.206363807199523e-05,5.547437641723356,0.9982913808749111
p239,p263,5,1,0.25,5.537959183673469,-27.27343076066832,-7.029083606339974,0.0,0.12839059674502712,7.281838043127209e-05,5.547437641723356,0.9982913808749111
p239,p263,5,2,0.25,5.537959183673469,-27.41754570947739,-9.186916750720286,0.0,0.12115732368896925,6.518199370475486e-05,5.547437641723356,0.9982913808749111
p239,p263,5,3,0.25,5.537959183673469,-27.35486549331986,-9.169377965807135,0.0,0.09403254972875226,7.14953348506242e-05,5.547437641723356,0.9982913808749111
p239,p263,5,1,0.5,5.537959183673469,-27.139049220609053,-7.232091897555087,0.0,0.13200723327305605,7.240002742037177e-05,5.547437641723356,0.9982913808749111
p239,p263,5,2,0.5,5.537959183673469,-27.313371126699796,-9.095041892097376,0.0,0.12658227848101267,6.522822513943538e-05,5.547437641723356,0.9982913808749111
p239,p263,5,3,0.5,5.537959183673469,-27.20389151874572,-9.138959830576498,0.0,0.09764918625678119,7.07198487361893e-05,5.547437641723356,0.9982913808749111
p239,p263,5,1,0.75,5.537959183673469,-27.01588044169459,-7.467469477708141,0.0,0.1301989150090416,7.185921276686713e-05,5.547437641723356,0.9982913808749111
p239,p263,5,2,0.75,5.537959183673469,-27.206682603328858,-8.870622491894116,0.0,0.1301989150090416,6.556435982929543e-05,5.547437641723356,0.9982913808749111
p239,p263,5,3,0.75,5.537959183673469,-27.029680057523464,-9.018341476538263,0.0,0.09945750452079566,7.006232044659555e-05,5.547437641723356,0.9982913808749111
p239,p263,5,1,1.0,5.537959183673469,-26.903054456157868,-7.164095489670648,0.0,0.1301989150090416,7.413218554574996e-05,5.547437641723356,0.9982913808749111
p239,p263,5,2,1.0,5.537959183673469,-27.094607259461604,-8.811938781545457,0.0,0.13200723327305605,6.603419751627371e-05,5.547437641723356,0.9982913808749111
p239,p263,5,3,1.0,5.537959183673469,-26.827066835758476,-9.148834044861406,0.0,0.09945750452079566,6.951850809855387e-05,5.547437641723356,0.9982913808749111
p259,original,1,0,-1.0,2.1353287981859412,-21.634497161739645,-3.9845579506443047,0.0,0.09905660377358491,1.2146364269938204e-06,2.1353287981859412,1.0
p259,p236,1,1,0.0,2.124625850340136,-31.282935640561924,-13.481809290056248,0.0,0.009478672985781991,4.527803321252577e-05,2.1353287981859412,0.9949876815903491
p259,p236,1,2,0.0,2.124625850340136,-29.086054368358848,-10.989920917122317,0.0,0.36492890995260663,5.549485649680719e-05,2.1353287981859412,0.9949876815903491
p259,p236,1,3,0.0,2.124625850340136,-30.138932586616107,-12.211443359890835,0.0,0.0,7.805276982253417e-05,2.1353287981859412,0.9949876815903491
p259,p236,1,1,0.25,2.124625850340136,-31.61350744602978,-13.460558632000453,0.0,0.11374407582938388,4.899632040178403e-05,2.1353287981859412,0.9949876815903491
p259,p236,1,2,0.25,2.124625850340136,-29.21525949960848,-10.932804420906614,0.0,0.36018957345971564,5.474768113344908e-05,2.1353287981859412,0.9949876815903491
p259,p236,1,3,0.25,2.124625850340136,-30.299751009322037,-12.518482765733827,0.0,0.0,8.564373274566606e-05,2.1353287981859412,0.9949876815903491
p259,p236,1,1,0.5,2.124625850340136,-31.73845508422028,-13.33044443461249,0.0,0.23696682464454977,4.412893395056017e-05,2.1353287981859412,0.9949876815903491
p259,p236,1,2,0.5,2.124625850340136,-29.355045026343728,-10.882553794307697,0.0,0.3459715639810427,5.4020048992242664e-05,2.1353287981859412,0.9949876815903491
p259,p236,1,3,0.5,2.124625850340136,-30.24772439114337,-12.920843711511873,0.0,0.023696682464454975,7.630241452716291e-05,2.1353287981859412,0.9949876815903491
p259,p236,1,1,0.75,2.124625850340136,-31.522328500008015,-13.033027925545408,0.0,0.27014218009478674,4.1151306504616514e-05,2.1353287981859412,0.9949876815903491
p259,p236,1,2,0.75,2.124625850340136,-29.54244308489929,-11.016264623393452,0.0,0.3412322274881517,5.294260336086154e-05,2.1353287981859412,0.9949876815903491
p259,p236,1,3,0.75,2.124625850340136,-30.109780712144417,-12.179065503172,0.0,0.35545023696682465,5.228336885920726e-05,2.1353287981859412,0.9949876815903491
p259,p236,1,1,1.0,2.124625850340136,-31.341875567106385,-12.954936033753805,0.0,0.2796208530805687,3.935795757570304e-05,2.1353287981859412,0.9949876815903491
p259,p236,1,2,1.0,2.124625850340136,-30.067441964736386,-11.89088661587973,0.0,0.3412322274881517,5.0540831580292434e-05,2.1353287981859412,0.9949876815903491
p259,p236,1,3,1.0,2.124625850340136,-29.96342945887816,-12.211443359890835,0.0,0.3886255924170616,5.039165625930764e-05,2.1353287981859412,0.9949876815903491
p259,p239,1,1,0.0,2.124625850340136,-32.6773662491768,-13.519437751669201,0.0,0.3744075829383886,9.127653356699739e-06,2.1353287981859412,0.9949876815903491
p259,p239,1,2,0.0,2.124625850340136,-32.37409032526322,-14.08017982566726,0.0,0.4218009478672986,2.5399394871783443e-05,2.1353287981859412,0.9949876815903491
p259,p239,1,3,0.0,2.124625850340136,-31.649913039851832,-14.239856386181328,0.0,0.4075829383886256,1.7761532944859937e-05,2.1353287981859412,0.9949876815903491
p259,p239,1,1,0.25,2.124625850340136,-32.68428073462062,-13.533275800221212,0.0,0.3791469194312796,7.896475835877936e-06,2.1353287981859412,0.9949876815903491
p259,p239,1,2,0.25,2.124625850340136,-32.39141938503106,-14.489229197371987,0.0,0.4265402843601896,1.1767845535359811e-05,2.1353287981859412,0.9949876815903491
p259,p239,1,3,0.25,2.124625850340136,-31.47169119404284,-14.104348339248618,0.0,0.3791469194312796,1.9098240954917856e-05,2.1353287981859412,0.9949876815903491
p259,p239,1,1,0.5,2.124625850340136,-32.7594050679317,-13.372363642688715,0.0,0.3791469194312796,7.493899829569273e-06,2.1353287981859412,0.9949876815903491
p259,p239,1,2,0.5,2.124625850340136,-32.182762245016136,-14.10703788552743,0.0,0.4218009478672986,5.186581347516039e-06,2.1353287981859412,0.9949876815903491
p259,p239,1,3,0.5,2.124625850340136,-31.29485819135079,-13.676721592970438,0.0,0.3412322274881517,1.8522387108532712e-05,2.1353287981859412,0.9949876815903491
p259,p239,1,1,0.75,2.124625850340136,-32.86896001678439,-13.731935505619347,0.0,0.3696682464454976,7.447649295500014e-06,2.1353287981859412,0.9949876815903491
p259,p239,1,2,0.75,2.124625850340136,-31.99213449100278,-14.246687601349032,0.0,0.3933649289099526,4.6361337808775716e-06,2.1353287981859412,0.9949876815903491
p259,p239,1,3,0.75,2.124625850340136,-31.038097213209,-13.58504908357435,0.0,0.3459715639810427,1.9676697775139473e-05,2.1353287981859412,0.9949876815903491
p259,p239,1,1,1.0,2.124625850340136,-33.27341950570809,-14.367804805149522,0.0,0.36018957345971564,2.3815800886950456e-06,2.1353287981859412,0.9949876815903491
p259,p239,1,2,1.0,2.124625850340136,-31.781991478157106,-13.125031468477449,0.0,0.38388625592417064,5.647784291795688e-06,2.1353287981859412,0.9949876815903491
p259,p239,1,3,1.0,2.124625850340136,-30.880419772416158,-13.504366799991063,0.0,0.3412322274881517,1.9865608919644728e-05,2.1353287981859412,0.9949876815903491
p259,p263,1,1,0.0,2.124625850340136,-28.539170268937262,-11.588782784857187,0.0,0.3080568720379147,3.63757717423141e-05,2.1353287981859412,0.9949876815903491
p259,p263,1,2,0.0,2.124625850340136,-27.985167185665528,-9.550911552920201,0.0,0.36018957345971564,7.776484562782571e-05,2.1353287981859412,0.9949876815903491
p259,p263,1,3,0.0,2.124625850340136,-28.133405279012397,-10.531579377872253,0.0,0.3080568720379147,6.599829794140533e-05,2.1353287981859412,0.9949876815903491
p259,p263,1,1,0.25,2.124625850340136,-28.25645614486794,-11.385850800714694,0.0,0.3175355450236967,3.818671029875986e-05,2.1353287981859412,0.9949876815903491
p259,p263,1,2,0.25,2.124625850340136,-27.90677924506511,-9.671946071255329,0.0,0.36018957345971564,7.543342508142814e-05,2.1353287981859412,0.9949876815903491
p259,p263,1,3,0.25,2.124625850340136,-28.063533736632053,-10.43674754038767,0.0,0.2985781990521327,6.883001333335415e-05,2.1353287981859412,0.9949876815903491
p259,p263,1,1,0.5,2.124625850340136,-27.905372977231725,-11.139632331824167,0.0,0.3127962085308057,4.109528526896611e-05,2.1353287981859412,0.9949876815903491
p259,p263,1,2,0.5,2.124625850340136,-27.82373380563767,-9.84559627673944,0.0,0.36018957345971564,7.312349771382287e-05,2.1353287981859412,0.9949876815903491
p259,p263,1,3,0.5,2.124625850340136,-28.200094059006112,-11.32217456375243,0.0,0.3033175355450237,5.7824323448585346e-05,2.1353287981859412,0.9949876815903491
p259,p263,1,1,0.75,2.124625850340136,-27.651273451634097,-10.88069823146406,0.0,0.26540284360189575,3.909022416337393e-05,2.1353287981859412,0.9949876815903491
p259,p263,1,2,0.75,2.124625850340136,-27.72135948000939,-9.818464411424419,0.0,0.36492890995260663,7.156791252782568e-05,2.1353287981859412,0.9949876815903491
p259,p263,1,3,0.75,2.124625850340136,-28.043152788508724,-11.431197734192518,0.0,0.3127962085308057,5.93395197938662e-05,2.1353287981859412,0.9949876815903491
p259,p263,1,1,1.0,2.124625850340136,-27.45479271947103,-10.766420687550713,0.0,0.26540284360189575,3.903876131516881e-05,2.1353287981859412,0.9949876815903491
p259,p263,1,2,1.0,2.124625850340136,-27.62710163069539,-9.922517956093323,0.0,0.3696682464454976,7.017909229034558e-05,2.1353287981859412,0.9949876815903491
p259,p263,1,3,1.0,2.124625850340136,-27.892985309237822,-11.367189414769772,0.0,0.32701421800947866,5.9156471252208576e-05,2.1353287981859412,0.9949876815903491
p259,original,2,0,-1.0,3.7636281179138322,-22.60162706713713,-3.25030582799333,0.0,0.029333333333333333,-2.389320252405014e-05,3.7636281179138322,1.0
p259,p236,2,1,0.0,3.7616326530612243,-31.091382843465123,-10.454394620082564,0.0,0.0,4.1116167267318815e-05,3.7636281179138322,0.9994698028630645
p259,p236,2,2,0.0,3.7616326530612243,-31.414605971661416,-8.577531386759556,0.0,0.23466666666666666,4.0273975173477083e-05,3.7636281179138322,0.9994698028630645
p259,p236,2,3,0.0,3.7616326530612243,-28.248828978571385,-7.051738832736275,0.0,0.0,6.763839337509125e-05,3.7636281179138322,0.9994698028630645
p259,p236,2,1,0.25,3.7616326530612243,-31.34793752623258,-10.68894490033663,0.0,0.0,3.988948810729198e-05,3.7636281179138322,0.9994698028630645
p259,p236,2,2,0.25,3.7616326530612243,-31.623690032293325,-8.488328378081867,0.0,0.248,3.9152891986304894e-05,3.7636281179138322,0.9994698028630645
p259,p236,2,3,0.25,3.7616326530612243,-28.4675965069029,-7.048754503678213,0.0,0.0,6.405475869541988e-05,3.7636281179138322,0.9994698028630645
p259,p236,2,1,0.5,3.7616326530612243,-31.88439055979351,-11.796569603344,0.0,0.0,6.310954631771892e-05,3.7636281179138322,0.9994698028630645
p259,p236,2,2,0.5,3.7616326530612243,-31.775065426467314,-8.509484245416644,0.0,0.248,3.862712037516758e-05,3.7636281179138322,0.9994698028630645
p259,p236,2,3,0.5,3.7616326530612243,-28.69766759279549,-7.121264679939548,0.0,0.0,6.536090950248763e-05,3.7636281179138322,0.9994698028630645
p259,p236,2,1,0.75,3.7616326530612243,-32.672261589334695,-12.094376738291787,0.0,0.0,7.062451186357066e-05,3.7636281179138322,0.9994698028630645
p259,p236,2,2,0.75,3.7616326530612243,-32.00543173192322,-8.56757458104036,0.0,0.25333333333333335,3.709873999468982e-05,3.7636281179138322,0.9994698028630645
p259,p236,2,3,0.75,3.7616326530612243,-29.563466276758085,-8.48410338101208,0.0,0.0,6.701622623950243e-05,3.7636281179138322,0.9994698028630645
p259,p236,2,1,1.0,3.7616326530612243,-32.89567003336526,-12.056056574793212,0.0,0.24533333333333332,3.5473593015922233e-05,3.7636281179138322,0.9994698028630645
p259,p236,2,2,1.0,3.7616326530612243,-32.18362069405295,-8.606042456632874,0.0,0.25066666666666665,3.406773248570971e-05,3.7636281179138322,0.9994698028630645
p259,p236,2,3,1.0,3.7616326530612243,-31.18033377678861,-9.478776439982024,0.0,0.144,4.600190732162446e-05,3.7636281179138322,0.9994698028630645
p259,p239,2,1,0.0,3.7616326530612243,-30.502318634254614,-12.237432825897734,0.0,0.376,1.8452052245265804e-05,3.7636281179138322,0.9994698028630645
p259,p239,2,2,0.0,3.7616326530612243,-30.70095389568508,-8.590349788158287,0.0,0.31733333333333336,3.0197110390872695e-05,3.7636281179138322,0.9994698028630645
p259,p239,2,3,0.0,3.7616326530612243,-30.381661226056238,-10.302920703469667,0.0,0.248,2.5621535314712673e-05,3.7636281179138322,0.9994698028630645
p259,p239,2,1,0.25,3.7616326530612243,-30.975031266834492,-12.039079506817155,0.0,0.37866666666666665,1.3223032510722987e-05,3.7636281179138322,0.9994698028630645
p259,p239,2,2,0.25,3.7616326530612243,-30.81589815117393,-8.461604706588938,0.0,0.30666666666666664,3.0138979127514176e-05,3.7636281179138322,0.9994698028630645
p259,p239,2,3,0.25,3.7616326530612243,-30.127601712230717,-9.94497824924124,0.0,0.2,3.0615079595008865e-05,3.7636281179138322,0.9994698028630645
p259,p239,2,1,0.5,3.7616326530612243,-31.15494826977799,-10.635571041960876,0.0,0.38133333333333336,9.863832929113414e-06,3.7636281179138322,0.9994698028630645
p259,p239,2,2,0.5,3.7616326530612243,-30.83519912398284,-8.517961041442119,0.0,0.2986666666666667,3.0030070774955675e-05,3.7636281179138322,0.9994698028630645
p259,p239,2,3,0.5,3.7616326530612243,-29.912971979785382,-9.643741181478415,0.0,0.19733333333333333,3.175787060172297e-05,3.7636281179138322,0.9994698028630645
p259,p239,2,1,0.75,3.7616326530612243,-31.344085073037014,-12.651680304724502,0.0,0.38133333333333336,8.887346666597296e-06,3.7636281179138322,0.9994698028630645
p259,p239,2,2,0.75,3.7616326530612243,-30.86699040754107,-8.304345659881637,0.0,0.2906666666666667,3.136639134027064e-05,3.7636281179138322,0.9994698028630645
p259,p239,2,3,0.75,3.7616326530612243,-29.784130526601892,-9.26743808948573,0.0,0.184,3.198782724211924e-05,3.7636281179138322,0.9994698028630645
p259,p239,2,1,1.0,3.7616326530612243,-31.648798935310253,-12.423785410218288,0.0,0.38133333333333336,8.015720595722087e-06,3.7636281179138322,0.9994698028630645
p259,p239,2,2,1.0,3.7616326530612243,-30.824004343019148,-8.295385804669797,0.0,0.2853333333333333,3.2166273740585893e-05,3.7636281179138322,0.9994698028630645
p259,p239,2,3,1.0,3.7616326530612243,-29.491969580085787,-8.613184871012841,0.0,0.16,3.539964018273167e-05,3.7636281179138322,0.9994698028630645
p259,p263,2,1,0.0,3.7616326530612243,-29.21365265785459,-10.687130236246036,0.0,0.264,5.53451209270861e-05,3.7636281179138322,0.9994698028630645
p259,p263,2,2,0.0,3.7616326530612243,-29.512409364074607,-9.570834240763837,0.0,0.344,5.295799201121554e-05,3.7636281179138322,0.9994698028630645
p259,p263,2,3,0.0,3.7616326530612243,-28.59583008362357,-8.73986233810475,0.0,0.18666666666666668,5.973158113192767e-05,3.7636281179138322,0.9994698028630645
p259,p263,2,1,0.25,3.7616326530612243,-29.267203726548242,-10.51644328426219,0.0,0.2693333333333333,5.428033182397485e-05,3.7636281179138322,0.9994698028630645
p259,p263,2,2,0.25,3.7616326530612243,-29.486045878427536,-9.615627582483267,0.0,0.3413333333333333,5.3317089623305947e-05,3.7636281179138322,0.9994698028630645
p259,p263,2,3,0.25,3.7616326530612243,-28.486993575229043,-8.61032720043663,0.0,0.18933333333333333,6.0600261349463835e-05,3.7636281179138322,0.9994698028630645
p259,p263,2,1,0.5,3.7616326530612243,-29.32572226961192,-10.457044777124642,0.0,0.272,5.423323455033824e-05,3.7636281179138322,0.9994698028630645
p259,p263,2,2,0.5,3.7616326530612243,-29.41479840998136,-9.576420791924978,0.0,0.34933333333333333,5.323393997969106e-05,3.7636281179138322,0.9994698028630645
p259,p263,2,3,0.5,3.7616326530612243,-28.40873689217942,-8.839764113573626,0.0,0.17866666666666667,6.248406134545803e-05,3.7636281179138322,0.9994698028630645
p259,p263,2,1,0.75,3.7616326530612243,-29.3726865043428,-10.700749467026753,0.0,0.2693333333333333,5.5734020861564204e-05,3.7636281179138322,0.9994698028630645
p259,p263,2,2,0.75,3.7616326530612243,-29.36413184210298,-9.510410416997189,0.0,0.3466666666666667,5.197598511585966e-05,3.7636281179138322,0.9994698028630645
p259,p263,2,3,0.75,3.7616326530612243,-28.247701579729846,-8.924519553229036,0.0,0.18666666666666668,6.40209109405987e-05,3.7636281179138322,0.9994698028630645
p259,p263,2,1,1.0,3.7616326530612243,-29.27147911305772,-10.627458021108218,0.0,0.26666666666666666,5.819105717819184e-05,3.7636281179138322,0.9994698028630645
p259,p263,2,2,1.0,3.7616326530612243,-29.283558451166098,-9.566048626517135,0.0,0.3466666666666667,4.997150244889781e-05,3.7636281179138322,0.9994698028630645
p259,p263,2,3,1.0,3.7616326530612243,-28.07980114046153,-9.022834565510617,0.0,0.184,6.580573244718835e-05,3.7636281179138322,0.9994698028630645
p259,original,3,0,-1.0,8.106485260770976,-21.666205226951742,-1.960229173305865,0.0,0.06049382716049383,-4.602870546932536e-07,8.106485260770976,1.0
p259,p236,3,1,0.0,8.103764172335602,-30.64190106506739,-10.374388390462627,0.0,0.019753086419753086,5.0798527809092775e-05,8.106485260770976,0.9996643319086088
p259,p236,3,2,0.0,8.103764172335602,-30.678021996443224,-10.329869889756104,0.0,0.10740740740740741,5.739465996157378e-05,8.106485260770976,0.9996643319086088
p259,p236,3,3,0.0,8.103764172335602,-30.40137068426266,-11.23187273466299,0.0,0.0012345679012345679,5.8816804084926844e-05,8.106485260770976,0.9996643319086088
p259,p236,3,1,0.25,8.103764172335602,-30.902882539975735,-10.539603294967621,0.0,0.024691358024691357,5.077137393527664e-05,8.106485260770976,0.9996643319086088
p259,p236,3,2,0.25,8.103764172335602,-30.73722150690793,-10.324647388563776,0.0,0.11728395061728394,5.8272336900699884e-05,8.106485260770976,0.9996643319086088
p259,p236,3,3,0.25,8.103764172335602,-30.670757153807667,-11.171229606161383,0.0,0.0,6.281629612203687e-05,8.106485260770976,0.9996643319086088
p259,p236,3,1,0.5,8.103764172335602,-30.97666789894064,-10.812319598193397,0.0,0.03209876543209877,6.0124519222881645e-05,8.106485260770976,0.9996643319086088
p259,p236,3,2,0.5,8.103764172335602,-30.75317176071927,-10.483590915263324,0.0,0.11975308641975309,5.86526766710449e-05,8.106485260770976,0.9996643319086088
p259,p236,3,3,0.5,8.103764172335602,-31.084903643500596,-11.358363785250381,0.0,0.0024691358024691358,6.563564238604158e-05,8.106485260770976,0.9996643319086088
p259,p236,3,1,0.75,8.103764172335602,-31.165480420406155,-10.786586333167978,0.0,0.020987654320987655,6.48192799417302e-05,8.106485260770976,0.9996643319086088
p259,p236,3,2,0.75,8.103764172335602,-30.791869221470254,-10.355156340331213,0.0,0.12469135802469136,5.732241697842255e-05,8.106485260770976,0.9996643319086088
p259,p236,3,3,0.75,8.103764172335602,-31.293258467794413,-10.984286217191961,0.0,0.11481481481481481,6.528945959871635e-05,8.106485260770976,0.9996643319086088
p259,p236,3,1,1.0,8.103764172335602,-31.720015217062834,-11.373078153732978,0.0,0.20246913580246914,4.945221371599473e-05,8.106485260770976,0.9996643319086088
p259,p236,3,2,1.0,8.103764172335602,-30.82202840462392,-9.917534657254372,0.0,0.12839506172839507,5.53141362615861e-05,8.106485260770976,0.9996643319086088
p259,p236,3,3,1.0,8.103764172335602,-31.66009939930792,-11.21064762446361,0.0,0.18271604938271604,4.88829828100279e-05,8.106485260770976,0.9996643319086088
p259,p239,3,1,0.0,8.103764172335602,-31.03839530312777,-12.750059666572895,0.0,0.2641975308641975,2.0335943190730177e-05,8.106485260770976,0.9996643319086088
p259,p239,3,2,0.0,8.103764172335602,-30.93541469426652,-11.596838328803962,0.0,0.24691358024691357,2.1533673134399578e-05,8.106485260770976,0.9996643319086088
p259,p239,3,3,0.0,8.103764172335602,-31.193149785661177,-11.551622767884332,0.0,0.23580246913580247,2.738790681178216e-05,8.106485260770976,0.9996643319086088
p259,p239,3,1,0.25,8.103764172335602,-30.89959640825561,-12.459315111864148,0.0,0.25925925925925924,1.907946352730505e-05,8.106485260770976,0.9996643319086088
p259,p239,3,2,0.25,8.103764172335602,-30.85592115920204,-11.508635599008418,0.0,0.2382716049382716,2.2745234673493542e-05,8.106485260770976,0.9996643319086088
p259,p239,3,3,0.25,8.103764172335602,-31.173656725182745,-11.752356041829117,0.0,0.22469135802469137,3.061099778278731e-05,8.106485260770976,0.9996643319086088
p259,p239,3,1,0.5,8.103764172335602,-30.80255968104825,-12.107187787277987,0.0,0.25308641975308643,1.9058627003687434e-05,8.106485260770976,0.9996643319086088
p259,p239,3,2,0.5,8.103764172335602,-30.7943170572592,-11.442076732030117,0.0,0.2271604938271605,2.420512100798078e-05,8.106485260770976,0.9996643319086088
p259,p239,3,3,0.5,8.103764172335602,-30.77359476756569,-12.124298631793133,0.0,0.22098765432098766,3.3331634767819196e-05,8.106485260770976,0.9996643319086088
p259,p239,3,1,0.75,8.103764172335602,-30.743326002340815,-11.93057689733334,0.0,0.25308641975308643,1.957935637619812e-05,8.106485260770976,0.9996643319086088
p259,p239,3,2,0.75,8.103764172335602,-30.76827938198936,-11.416384662036464,0.0,0.21851851851851853,2.8112384825362824e-05,8.106485260770976,0.9996643319086088
p259,p239,3,3,0.75,8.103764172335602,-30.439708978542125,-11.860718216247646,0.0,0.2123456790123457,3.6673081922344863e-05,8.106485260770976,0.9996643319086088
p259,p239,3,1,1.0,8.103764172335602,-30.878798909645425,-11.609944542804136,0.0,0.2580246913580247,2.281525667058304e-05,8.106485260770976,0.9996643319086088
p259,p239,3,2,1.0,8.103764172335602,-30.645421208621624,-10.840899210962887,0.0,0.2074074074074074,2.805244002956897e-05,8.106485260770976,0.9996643319086088
p259,p239,3,3,1.0,8.103764172335602,-30.090946107517937,-11.502654267677343,0.0,0.1765432098765432,4.112310489290394e-05,8.106485260770976,0.9996643319086088
p259,p263,3,1,0.0,8.103764172335602,-28.468618132005584,-9.642132236463526,0.0,0.21481481481481482,6.620590284001082e-05,8.106485260770976,0.9996643319086088
p259,p263,3,2,0.0,8.103764172335602,-29.134858826564525,-10.360397223216305,0.0,0.11604938271604938,5.9678935940610245e-05,8.106485260770976,0.9996643319086088
p259,p263,3,3,0.0,8.103764172335602,-29.033620806303677,-10.114033580195457,0.0,0.21975308641975308,5.691474871127866e-05,8.106485260770976,0.9996643319086088
p259,p263,3,1,0.25,8.103764172335602,-28.486582669940308,-9.440181174279132,0.0,0.20987654320987653,6.718314398312941e-05,8.106485260770976,0.9996643319086088
p259,p263,3,2,0.25,8.103764172335602,-29.040828733423037,-10.408586576670409,0.0,0.12222222222222222,5.658632653648965e-05,8.106485260770976,0.9996643319086088
p259,p263,3,3,0.25,8.103764172335602,-28.88959759188898,-10.219131948220703,0.0,0.21604938271604937,5.5275879276450723e-05,8.106485260770976,0.9996643319086088
p259,p263,3,1,0.5,8.103764172335602,-28.53891514654434,-9.028079441880145,0.0,0.21728395061728395,6.16503311903216e-05,8.106485260770976,0.9996643319086088
p259,p263,3,2,0.5,8.103764172335602,-28.94594031832633,-10.482704735633106,0.0,0.1271604938271605,5.5417291150661185e-05,8.106485260770976,0.9996643319086088
p259,p263,3,3,0.5,8.103764172335602,-28.70955365725283,-10.41649762379345,0.0,0.20987654320987653,5.47409727005288e-05,8.106485260770976,0.9996643319086088
p259,p263,3,1,0.75,8.103764172335602,-28.473760677825958,-8.908241367015036,0.0,0.20987654320987653,5.7620440202299505e-05,8.106485260770976,0.9996643319086088
p259,p263,3,2,0.75,8.103764172335602,-28.841333336380647,-10.384896575599159,0.0,0.12839506172839507,5.4647211072733626e-05,8.106485260770976,0.9996643319086088
p259,p263,3,3,0.75,8.103764172335602,-28.542287691378082,-10.446448997051242,0.0,0.20987654320987653,5.476710430230014e-05,8.106485260770976,0.9996643319086088
p259,p263,3,1,1.0,8.103764172335602,-28.29362749493511,-8.352750551865856,0.0,0.21481481481481482,5.493823118740693e-05,8.106485260770976,0.9996643319086088
p259,p263,3,2,1.0,8.103764172335602,-28.69067804853044,-10.476504008485236,0.0,0.13209876543209875,5.4001808166503906e-05,8.106485260770976,0.9996643319086088
p259,p263,3,3,1.0,8.103764172335602,-28.383489613801384,-10.372638261575378,0.0,0.2037037037037037,5.46569463040214e-05,8.106485260770976,0.9996643319086088
p259,original,4,0,-1.0,4.836462585034013,-20.935394295477238,-2.453653126069995,0.0,0.022774327122153208,-2.4610026230220683e-06,4.836462585034013,1.0
p259,p236,4,1,0.0,4.829750566893424,-28.95530924940249,-12.130723898739832,0.0,0.0,8.128955960273743e-05,4.836462585034013,0.9986122050935825
p259,p236,4,2,0.0,4.829750566893424,-28.944961570679617,-9.432325616505695,0.0,0.23858921161825727,6.567887612618506e-05,4.836462585034013,0.9986122050935825
p259,p236,4,3,0.0,4.829750566893424,-28.38012211142835,-11.427245110853303,0.0,0.01037344398340249,3.966975782532245e-05,4.836462585034013,0.9986122050935825
p259,p236,4,1,0.25,4.829750566893424,-29.192703072957457,-12.336688750834696,0.0,0.0,7.947390986373648e-05,4.836462585034013,0.9986122050935825
p259,p236,4,2,0.25,4.829750566893424,-29.035050009903287,-9.584407817442283,0.0,0.23858921161825727,6.391279748640954e-05,4.836462585034013,0.9986122050935825
p259,p236,4,3,0.25,4.829750566893424,-28.576260800202753,-11.444056196404691,0.0,0.01037344398340249,5.104278170620091e-05,4.836462585034013,0.9986122050935825
p259,p236,4,1,0.5,4.829750566893424,-29.478412770940068,-12.451530561382622,0.0,0.0,7.506029942305759e-05,4.836462585034013,0.9986122050935825
p259,p236,4,2,0.5,4.829750566893424,-29.080818929289407,-9.705102992032785,0.0,0.24481327800829875,6.291556928772479e-05,4.836462585034013,0.9986122050935825
p259,p236,4,3,0.5,4.829750566893424,-28.768201780573257,-11.48175198492656,0.0,0.014522821576763486,6.008090713294223e-05,4.836462585034013,0.9986122050935825
p259,p236,4,1,0.75,4.829750566893424,-30.004718851934307,-12.730524019805403,0.0,0.12033195020746888,6.456730625359342e-05,4.836462585034013,0.9986122050935825
p259,p236,4,2,0.75,4.829750566893424,-29.102922954423043,-9.727819697477747,0.0,0.24688796680497926,6.185586971696466e-05,4.836462585034013,0.9986122050935825
p259,p236,4,3,0.75,4.829750566893424,-28.90856081301068,-11.208720638401788,0.0,0.02074688796680498,7.507520058425143e-05,4.836462585034013,0.9986122050935825
p259,p236,4,1,1.0,4.829750566893424,-30.09159548557861,-12.3872969906925,0.0,0.17634854771784234,5.696971857105382e-05,4.836462585034013,0.9986122050935825
p259,p236,4,2,1.0,4.829750566893424,-29.11759260609304,-9.629271394375923,0.0,0.24896265560165975,6.0302132624201477e-05,4.836462585034013,0.9986122050935825
p259,p236,4,3,1.0,4.829750566893424,-29.00205797759536,-11.010612813430651,0.0,0.13278008298755187,6.839862180640921e-05,4.836462585034013,0.9986122050935825
p259,p239,4,1,0.0,4.829750566893424,-29.897147652933533,-12.685872277645664,0.0,0.16597510373443983,3.470709634711966e-05,4.836462585034013,0.9986122050935825
p259,p239,4,2,0.0,4.829750566893424,-29.564462765991784,-12.517362656165183,0.0,0.2717842323651452,4.2829949961742386e-05,4.836462585034013,0.9986122050935825
p259,p239,4,3,0.0,4.829750566893424,-29.873242729941612,-12.844912513615432,0.0,0.17427385892116182,5.0036953325616196e-05,4.836462585034013,0.9986122050935825
p259,p239,4,1,0.25,4.829750566893424,-29.822671314017576,-12.711032212556631,0.0,0.15767634854771784,3.838224074570462e-05,4.836462585034013,0.9986122050935825
p259,p239,4,2,0.25,4.829750566893424,-29.479496884288746,-12.428218683065852,0.0,0.26556016597510373,4.467310645850375e-05,4.836462585034013,0.9986122050935825
p259,p239,4,3,0.25,4.829750566893424,-29.617476212328167,-12.96554367558272,0.0,0.15975103734439833,5.309369589667767e-05,4.836462585034013,0.9986122050935825
p259,p239,4,1,0.5,4.829750566893424,-29.835318719533376,-12.547656431008791,0.0,0.16182572614107885,3.985401417594403e-05,4.836462585034013,0.9986122050935825
p259,p239,4,2,0.5,4.829750566893424,-29.394029456862985,-12.221180298911653,0.0,0.26141078838174275,4.6659835788886994e-05,4.836462585034013,0.9986122050935825
p259,p239,4,3,0.5,4.829750566893424,-29.35349000453959,-12.44042186356708,0.0,0.15767634854771784,5.590027285506949e-05,4.836462585034013,0.9986122050935825
p259,p239,4,1,0.75,4.829750566893424,-29.64430611104588,-11.747229505861355,0.0,0.15975103734439833,4.050106872455217e-05,4.836462585034013,0.9986122050935825
p259,p239,4,2,0.75,4.829750566893424,-29.30776008136595,-11.971501128386226,0.0,0.25311203319502074,4.824565985472873e-05,4.836462585034013,0.9986122050935825
p259,p239,4,3,0.75,4.829750566893424,-29.09317874858329,-11.718576686538801,0.0,0.15560165975103735,5.899255120311864e-05,4.836462585034013,0.9986122050935825
p259,p239,4,1,1.0,4.829750566893424,-29.52877050045806,-11.992562946751836,0.0,0.16390041493775934,4.0462382457917556e-05,4.836462585034013,0.9986122050935825
p259,p239,4,2,1.0,4.829750566893424,-29.225037821603014,-11.84515489074704,0.0,0.24688796680497926,4.993866241420619e-05,4.836462585034013,0.9986122050935825
p259,p239,4,3,1.0,4.829750566893424,-28.843931423887476,-11.929530089300975,0.0,0.14107883817427386,6.201347423484549e-05,4.836462585034013,0.9986122050935825
p259,p263,4,1,0.0,4.829750566893424,-27.846774713555792,-9.68163744145242,0.0,0.1991701244813278,7.240617560455576e-05,4.836462585034013,0.9986122050935825
p259,p263,4,2,0.0,4.829750566893424,-27.587939457373928,-9.796328477953569,0.0,0.2925311203319502,5.478411912918091e-05,4.836462585034013,0.9986122050935825
p259,p263,4,3,0.0,4.829750566893424,-27.420148567861244,-9.357271557681843,0.0,0.16182572614107885,7.267754699569196e-05,4.836462585034013,0.9986122050935825
p259,p263,4,1,0.25,4.829750566893424,-27.71964765696943,-9.17013978571185,0.0,0.1970954356846473,7.491816359106451e-05,4.836462585034013,0.9986122050935825
p259,p263,4,2,0.25,4.829750566893424,-27.565276507261288,-9.69700425984881,0.0,0.2966804979253112,5.427146243164316e-05,4.836462585034013,0.9986122050935825
p259,p263,4,3,0.25,4.829750566893424,-27.300537670999653,-9.266667688169152,0.0,0.16182572614107885,7.274804374901578e-05,4.836462585034013,0.9986122050935825
p259,p263,4,1,0.5,4.829750566893424,-27.81375518269051,-10.080127458725144,0.0,0.18464730290456433,8.001780224731192e-05,4.836462585034013,0.9986122050935825
p259,p263,4,2,0.5,4.829750566893424,-27.528619901403015,-9.665491159940672,0.0,0.2966804979253112,5.427891301224008e-05,4.836462585034013,0.9986122050935825
p259,p263,4,3,0.5,4.829750566893424,-27.167645965758112,-9.331620784370315,0.0,0.15560165975103735,7.304606697289273e-05,4.836462585034013,0.9986122050935825
p259,p263,4,1,0.75,4.829750566893424,-27.85234093466698,-10.300317149579552,0.0,0.18049792531120332,8.104626613203436e-05,4.836462585034013,0.9986122050935825
p259,p263,4,2,0.75,4.829750566893424,-27.413593501788938,-9.648569805509768,0.0,0.3008298755186722,5.415110717876814e-05,4.836462585034013,0.9986122050935825
p259,p263,4,3,0.75,4.829750566893424,-27.01111740311216,-8.98471718974504,0.0,0.15975103734439833,7.337819261010736e-05,4.836462585034013,0.9986122050935825
p259,p263,4,1,1.0,4.829750566893424,-27.714315228257345,-9.972508825817219,0.0,0.17842323651452283,8.133598021231592e-05,4.836462585034013,0.9986122050935825
p259,p263,4,2,1.0,4.829750566893424,-27.353313416573517,-9.66145927496922,0.0,0.3008298755186722,5.372757004806772e-05,4.836462585034013,0.9986122050935825
p259,p263,4,3,1.0,4.829750566893424,-26.84729594347177,-8.864000746899963,0.0,0.15560165975103735,7.39788229111582e-05,4.836462585034013,0.9986122050935825
p259,original,5,0,-1.0,7.207936507936508,-21.195053164132844,-3.8097756384337993,0.0,0.04027777777777778,-1.2047084055666346e-05,7.207936507936508,1.0
p259,p236,5,1,0.0,7.198185941043084,-30.213973489587108,-8.520788479500304,0.0,0.10292072322670376,5.784592212876305e-05,7.207936507936508,0.9986472457293862
p259,p236,5,2,0.0,7.198185941043084,-30.507032181639918,-8.385403004875581,0.0,0.10292072322670376,6.984318315517157e-05,7.207936507936508,0.9986472457293862
p259,p236,5,3,0.0,7.198185941043084,-32.40575365838048,-11.058770829011394,0.0,0.022253129346314324,4.1477527702227235e-05,7.207936507936508,0.9986472457293862
p259,p236,5,1,0.25,7.198185941043084,-30.64345131719047,-9.243587365541613,0.0,0.10848400556328233,6.346414011204615e-05,7.207936507936508,0.9986472457293862
p259,p236,5,2,0.25,7.198185941043084,-30.541883139578708,-8.682772795971148,0.0,0.10570236439499305,6.868223863421008e-05,7.207936507936508,0.9986472457293862
p259,p236,5,3,0.25,7.198185941043084,-29.399368386373585,-9.110160937930473,0.0,0.0027816411682892906,7.018158794380724e-05,7.207936507936508,0.9986472457293862
p259,p236,5,1,0.5,7.198185941043084,-30.949820109852713,-9.244355722359137,0.0,0.11404728789986092,5.354900349630043e-05,7.207936507936508,0.9986472457293862
p259,p236,5,2,0.5,7.198185941043084,-30.56405285349749,-8.796599780594933,0.0,0.11265646731571627,6.778605165891349e-05,7.207936507936508,0.9986472457293862
p259,p236,5,3,0.5,7.198185941043084,-29.661841908428674,-9.275145863208351,0.0,0.004172461752433936,7.618858217028901e-05,7.207936507936508,0.9986472457293862
p259,p236,5,1,0.75,7.198185941043084,-30.763687298963486,-8.797329595294185,0.0,0.02642559109874826,4.8288606194546446e-05,7.207936507936508,0.9986472457293862
p259,p236,5,2,0.75,7.198185941043084,-30.561465470434825,-8.536355862244777,0.0,0.08762169680111266,6.842843868071213e-05,7.207936507936508,0.9986472457293862
p259,p236,5,3,0.75,7.198185941043084,-32.863032986975306,-11.226078922571768,0.0,0.06397774687065369,3.6036584788234904e-05,7.207936507936508,0.9986472457293862
p259,p236,5,1,1.0,7.198185941043084,-31.154708094853028,-8.95939822054034,0.0,0.16689847009735745,1.4089192518440541e-05,7.207936507936508,0.9986472457293862
p259,p236,5,2,1.0,7.198185941043084,-2.199728918386679,8.686661818707667e-12,0.03825604838709677,0.0,0.04453608766198158,7.207936507936508,0.9986472457293862
p259,p236,5,3,1.0,7.198185941043084,-29.989396019326996,-8.434963003060451,0.0,0.13630041724617525,6.841844151495025e-05,7.207936507936508,0.9986472457293862
p259,p239,5,1,0.0,7.198185941043084,-30.578536772416093,-10.486249996759074,0.0,0.15299026425591097,2.963062252092641e-05,7.207936507936508,0.9986472457293862
p259,p239,5,2,0.0,7.198185941043084,-30.351333552583426,-8.640379735960652,0.0,0.11543810848400557,3.636441033449955e-05,7.207936507936508,0.9986472457293862
p259,p239,5,3,0.0,7.198185941043084,-30.80997384073068,-9.454339106734142,0.0,0.2211404728789986,2.7519272407516837e-05,7.207936507936508,0.9986472457293862
p259,p239,5,1,0.25,7.198185941043084,-30.62892429147086,-9.375194271767658,0.0,0.1502086230876217,2.99397979688365e-05,7.207936507936508,0.9986472457293862
p259,p239,5,2,0.25,7.198185941043084,-30.214053195160023,-8.58821207381023,0.0,0.10987482614742698,3.779857433983125e-05,7.207936507936508,0.9986472457293862
p259,p239,5,3,0.25,7.198185941043084,-30.01902784214799,-9.696194801795196,0.0,0.20584144645340752,3.703813490574248e-05,7.207936507936508,0.9986472457293862
p259,p239,5,1,0.5,7.198185941043084,-30.92874899494744,-9.727007362696884,0.0,0.14603616133518776,2.7101077648694627e-05,7.207936507936508,0.9986472457293862
p259,p239,5,2,0.5,7.198185941043084,-30.540527857786323,-8.806822770840416,0.0,0.11961057023643949,3.563704012776725e-05,7.207936507936508,0.9986472457293862
p259,p239,5,3,0.5,7.198185941043084,-29.753201149354467,-8.79951940739151,0.0,0.1835883171070932,3.861631194013171e-05,7.207936507936508,0.9986472457293862
p259,p239,5,1,0.75,7.198185941043084,-30.959881165381606,-8.643964354738795,0.0,0.12934631432545202,2.6228735805489123e-05,7.207936507936508,0.9986472457293862
p259,p239,5,2,0.75,7.198185941043084,-30.415127310175944,-9.25896743089352,0.0,0.1070931849791377,3.884030957124196e-05,7.207936507936508,0.9986472457293862
p259,p239,5,3,0.75,7.198185941043084,-29.99236539125356,-8.318148125265074,0.0,0.1808066759388039,3.660667425720021e-05,7.207936507936508,0.9986472457293862
p259,p239,5,1,1.0,7.198185941043084,-31.03293732415991,-8.800249467458176,0.0,0.13212795549374132,2.6852661903831176e-05,7.207936507936508,0.9986472457293862
p259,p239,5,2,1.0,7.198185941043084,-30.208068921615645,-8.861794619900497,0.0,0.10570236439499305,4.1678835259517655e-05,7.207936507936508,0.9986472457293862
p259,p239,5,3,1.0,7.198185941043084,-29.725099388491444,-8.070313172518732,0.0,0.18497913769123783,3.8653804949717596e-05,7.207936507936508,0.9986472457293862
p259,p263,5,1,0.0,7.198185941043084,-28.351129034362156,-8.760913771208585,0.0,0.1835883171070932,6.665433465968817e-05,7.207936507936508,0.9986472457293862
p259,p263,5,2,0.0,7.198185941043084,-28.233627271730903,-9.80206200897097,0.0,0.11961057023643949,9.266926645068452e-05,7.207936507936508,0.9986472457293862
p259,p263,5,3,0.0,7.198185941043084,-28.684394990212922,-9.077687461472888,0.0,0.24339360222531292,7.417547749355435e-05,7.207936507936508,0.9986472457293862
p259,p263,5,1,0.25,7.198185941043084,-28.36051548104443,-8.532107444631077,0.0,0.18636995827538247,6.617692270083353e-05,7.207936507936508,0.9986472457293862
p259,p263,5,2,0.25,7.198185941043084,-28.1453738480332,-9.640523589429012,0.0,0.12517385257301808,9.145621152129024e-05,7.207936507936508,0.9986472457293862
p259,p263,5,3,0.25,7.198185941043084,-28.54053162491692,-9.105622460266625,0.0,0.24617524339360222,7.286225445568562e-05,7.207936507936508,0.9986472457293862
p259,p263,5,1,0.5,7.198185941043084,-28.214703923670964,-9.016844296557302,0.0,0.18636995827538247,6.498329457826912e-05,7.207936507936508,0.9986472457293862
p259,p263,5,2,0.5,7.198185941043084,-27.78082899953782,-9.612420386051356,0.0,0.1376912378303199,8.303349750349298e-05,7.207936507936508,0.9986472457293862
p259,p263,5,3,0.5,7.198185941043084,-28.389510206807707,-8.978007923931266,0.0,0.24617524339360222,7.16565118636936e-05,7.207936507936508,0.9986472457293862
p259,p263,5,1,0.75,7.198185941043084,-28.13748765540273,-8.748567088762854,0.0,0.1835883171070932,6.302960537141189e-05,7.207936507936508,0.9986472457293862
p259,p263,5,2,0.75,7.198185941043084,-27.690220904839926,-9.59320203661301,0.0,0.1349095966620306,8.395218173973262e-05,7.207936507936508,0.9986472457293862
p259,p263,5,3,0.75,7.198185941043084,-28.18639307191535,-8.900852264367764,0.0,0.23922114047287898,6.85622580931522e-05,7.207936507936508,0.9986472457293862
p259,p263,5,1,1.0,7.198185941043084,-28.012501450450777,-9.410367776185494,0.0,0.1780250347705146,6.289405428105965e-05,7.207936507936508,0.9986472457293862
p259,p263,5,2,1.0,7.198185941043084,-27.571782298935823,-9.388465305117936,0.0,0.14325452016689846,8.065316069405526e-05,7.207936507936508,0.9986472457293862
p259,p263,5,3,1.0,7.198185941043084,-28.07185539917542,-8.568996283251249,0.0,0.24617524339360222,7.061400538077578e-05,7.207936507936508,0.9986472457293862
p263,original,1,0,-1.0,2.11687074829932,-26.923868658660655,-9.161002353848176,0.0,0.12380952380952381,-9.777629202289972e-06,2.11687074829932,1.0
p263,p236,1,1,0.0,2.1130158730158732,-28.28403503641934,-11.710407497469157,0.0,0.0,5.8283516409574077e-05,2.11687074829932,0.998178974655612
p263,p236,1,2,0.0,2.1130158730158732,-26.719513476771887,-10.586109404954563,0.0,0.19523809523809524,8.424690895481035e-05,2.11687074829932,0.998178974655612
p263,p236,1,3,0.0,2.1130158730158732,-27.754958955241964,-12.810089977445763,0.0,0.0,0.00010279246635036543,2.11687074829932,0.998178974655612
p263,p236,1,1,0.25,2.1130158730158732,-28.301389205025647,-11.784208278243383,0.0,0.004761904761904762,4.32755914516747e-05,2.11687074829932,0.998178974655612
p263,p236,1,2,0.25,2.1130158730158732,-26.772304032700028,-10.634669220889823,0.0,0.19523809523809524,8.349170093424618e-05,2.11687074829932,0.998178974655612
p263,p236,1,3,0.25,2.1130158730158732,-27.84943835394539,-12.689298889421854,0.0,0.0,0.00010123947140527889,2.11687074829932,0.998178974655612
p263,p236,1,1,0.5,2.1130158730158732,-28.510025007841435,-10.986164044382939,0.0,0.21904761904761905,5.8193127188133076e-05,2.11687074829932,0.998178974655612
p263,p236,1,2,0.5,2.1130158730158732,-26.852683571992134,-10.557460804625322,0.0,0.21428571428571427,8.264478674391285e-05,2.11687074829932,0.998178974655612
p263,p236,1,3,0.5,2.1130158730158732,-27.978321702827913,-12.648268498603503,0.0,0.0,9.472225792706013e-05,2.11687074829932,0.998178974655612
p263,p236,1,1,0.75,2.1130158730158732,-28.53867732733329,-11.088174360096987,0.0,0.28095238095238095,5.4521220590686426e-05,2.11687074829932,0.998178974655612
p263,p236,1,2,0.75,2.1130158730158732,-27.03292905974601,-10.546741893798067,0.0,0.21428571428571427,8.055142097873613e-05,2.11687074829932,0.998178974655612
p263,p236,1,3,0.75,2.1130158730158732,-28.57481567770645,-12.344371008896447,0.0,0.19047619047619047,5.882192272110842e-05,2.11687074829932,0.998178974655612
p263,p236,1,1,1.0,2.1130158730158732,-28.524288846742827,-11.116724477742244,0.0,0.30952380952380953,5.057421367382631e-05,2.11687074829932,0.998178974655612
p263,p236,1,2,1.0,2.1130158730158732,-27.214813975715096,-10.598672942110623,0.0,0.21428571428571427,7.874035509303212e-05,2.11687074829932,0.998178974655612
p263,p236,1,3,1.0,2.1130158730158732,-28.450389341248453,-11.991508642005984,0.0,0.23333333333333334,5.754664744017646e-05,2.11687074829932,0.998178974655612
p263,p239,1,1,0.0,2.1130158730158732,-32.57513607316681,-15.342136609392563,0.0,0.37142857142857144,-2.889842789954855e-06,2.11687074829932,0.998178974655612
p263,p239,1,2,0.0,2.1130158730158732,-31.09862220533618,-15.02248658662571,0.0,0.28095238095238095,1.5222763977362774e-05,2.11687074829932,0.998178974655612
p263,p239,1,3,0.0,2.1130158730158732,-31.576729286419276,-15.359208853969994,0.0,0.21428571428571427,3.6850080959993647e-06,2.11687074829932,0.998178974655612
p263,p239,1,1,0.25,2.1130158730158732,-32.73767435110037,-15.735431362122922,0.0,0.37142857142857144,3.242230661726353e-07,2.11687074829932,0.998178974655612
p263,p239,1,2,0.25,2.1130158730158732,-30.990762331416164,-15.138330254399,0.0,0.2619047619047619,1.6229492757702246e-05,2.11687074829932,0.998178974655612
p263,p239,1,3,0.25,2.1130158730158732,-31.397488047894647,-14.880188966347944,0.0,0.20476190476190476,6.113078597991262e-06,2.11687074829932,0.998178974655612
p263,p239,1,1,0.5,2.1130158730158732,-32.74831703446664,-15.63542558560005,0.0,0.35714285714285715,3.546148946043104e-06,2.11687074829932,0.998178974655612
p263,p239,1,2,0.5,2.1130158730158732,-30.935701303592428,-15.085482436030402,0.0,0.24285714285714285,1.6886453522602096e-05,2.11687074829932,0.998178974655612
p263,p239,1,3,0.5,2.1130158730158732,-31.218919912810748,-14.615226709119204,0.0,0.19523809523809524,1.1835124496428762e-05,2.11687074829932,0.998178974655612
p263,p239,1,1,0.75,2.1130158730158732,-32.827410964419315,-15.363870750300539,0.0,0.3476190476190476,8.359715138794854e-06,2.11687074829932,0.998178974655612
p263,p239,1,2,0.75,2.1130158730158732,-30.9176792823516,-14.934757091592608,0.0,0.22380952380952382,1.8248190826852806e-05,2.11687074829932,0.998178974655612
p263,p239,1,3,0.75,2.1130158730158732,-31.15588799608229,-14.154240258868029,0.0,0.1619047619047619,2.951019450847525e-05,2.11687074829932,0.998178974655612
p263,p239,1,1,1.0,2.1130158730158732,-32.23682029149953,-15.17323472378217,0.0,0.35714285714285715,-6.986188509472413e-06,2.11687074829932,0.998178974655612
p263,p239,1,2,1.0,2.1130158730158732,-30.86756139898632,-14.623787047825909,0.0,0.20952380952380953,2.115571805916261e-05,2.11687074829932,0.998178974655612
p263,p239,1,3,1.0,2.1130158730158732,-30.31580683300382,-14.013395784234664,0.0,0.1523809523809524,3.4036216675303876e-05,2.11687074829932,0.998178974655612
p263,p259,1,1,0.0,2.1130158730158732,-25.049659988178167,-8.372883302717245,0.0,0.3476190476190476,5.9584341215668246e-05,2.11687074829932,0.998178974655612
p263,p259,1,2,0.0,2.1130158730158732,-26.903123226328745,-10.340324321876418,0.0,0.4380952380952381,6.985336949583143e-05,2.11687074829932,0.998178974655612
p263,p259,1,3,0.0,2.1130158730158732,-26.68109799115916,-8.534231393691188,0.0,0.35714285714285715,4.508141500991769e-05,2.11687074829932,0.998178974655612
p263,p259,1,1,0.25,2.1130158730158732,-25.27706355307846,-8.755101381438838,0.0,0.3761904761904762,5.467972732731141e-05,2.11687074829932,0.998178974655612
p263,p259,1,2,0.25,2.1130158730158732,-27.204148115712332,-9.585206924084188,0.0,0.4380952380952381,7.184783316915855e-05,2.11687074829932,0.998178974655612
p263,p259,1,3,0.25,2.1130158730158732,-26.64695229026455,-8.651855727242658,0.0,0.36666666666666664,4.650930713978596e-05,2.11687074829932,0.998178974655612
p263,p259,1,1,0.5,2.1130158730158732,-26.04161806624471,-9.146554383511186,0.0,0.38571428571428573,4.858892134507187e-05,2.11687074829932,0.998178974655612
p263,p259,1,2,0.5,2.1130158730158732,-27.150886876144824,-9.19073422084636,0.0,0.44285714285714284,6.865472823847085e-05,2.11687074829932,0.998178974655612
p263,p259,1,3,0.5,2.1130158730158732,-26.63295401173647,-8.741312524206798,0.0,0.37142857142857144,4.696125688496977e-05,2.11687074829932,0.998178974655612
p263,p259,1,1,0.75,2.1130158730158732,-27.691540207527737,-9.004876138083626,0.0,0.3952380952380952,3.2377112802350894e-05,2.11687074829932,0.998178974655612
p263,p259,1,2,0.75,2.1130158730158732,-27.08399720405407,-9.038578705369956,0.0,0.44285714285714284,6.52625021757558e-05,2.11687074829932,0.998178974655612
p263,p259,1,3,0.75,2.1130158730158732,-26.612291839593215,-8.950479705539582,0.0,0.3952380952380952,4.701169018517248e-05,2.11687074829932,0.998178974655612
p263,p259,1,1,1.0,2.1130158730158732,-27.998893861999242,-9.293672474508192,0.0,0.4142857142857143,3.0036810130695812e-05,2.11687074829932,0.998178974655612
p263,p259,1,2,1.0,2.1130158730158732,-27.028259137384968,-8.96981474182752,0.0,0.44285714285714284,6.362173735396937e-05,2.11687074829932,0.998178974655612
p263,p259,1,3,1.0,2.1130158730158732,-26.590995894996603,-9.064882522775443,0.0,0.41904761904761906,5.158356361789629e-05,2.11687074829932,0.998178974655612
p263,original,2,0,-1.0,3.86843537414966,-26.128780932757575,-5.3318850970496765,0.0,0.10362694300518134,-4.0772032662061974e-05,3.86843537414966,1.0
p263,p236,2,1,0.0,3.866122448979592,-31.722041088400083,-11.408494674312804,0.0,0.005194805194805195,2.160802614525892e-05,3.86843537414966,0.9994021031899554
p263,p236,2,2,0.0,3.866122448979592,-31.226888022659235,-11.630146644336001,0.0,0.1012987012987013,5.4574586101807654e-05,3.86843537414966,0.9994021031899554
p263,p236,2,3,0.0,3.866122448979592,-29.491359657469562,-9.716453918219518,0.0,0.0025974025974025974,3.924527482013218e-05,3.86843537414966,0.9994021031899554
p263,p236,2,1,0.25,3.866122448979592,-31.85062927186887,-11.666629258578634,0.0,0.015584415584415584,2.9738959710812196e-05,3.86843537414966,0.9994021031899554
p263,p236,2,2,0.25,3.866122448979592,-31.2823639593013,-11.829619401651026,0.0,0.08311688311688312,5.440597306005657e-05,3.86843537414966,0.9994021031899554
p263,p236,2,3,0.25,3.866122448979592,-29.82962781706171,-9.188443537442101,0.0,0.0025974025974025974,4.304099638829939e-05,3.86843537414966,0.9994021031899554
p263,p236,2,1,0.5,3.866122448979592,-32.09551875318005,-11.619029674289909,0.0,0.02077922077922078,3.0211858756956644e-05,3.86843537414966,0.9994021031899554
p263,p236,2,2,0.5,3.866122448979592,-31.435512836405607,-11.736985502270327,0.0,0.1012987012987013,5.0927068514283746e-05,3.86843537414966,0.9994021031899554
p263,p236,2,3,0.5,3.866122448979592,-30.274291704777486,-9.781602467693206,0.0,0.007792207792207792,4.0505739889340475e-05,3.86843537414966,0.9994021031899554
p263,p236,2,1,0.75,3.866122448979592,-32.22958157638639,-12.017904728807036,0.0,0.023376623376623377,2.5418070435989648e-05,3.86843537414966,0.9994021031899554
p263,p236,2,2,0.75,3.866122448979592,-31.61770441352081,-11.861756763464527,0.0,0.16103896103896104,4.6722165279788896e-05,3.86843537414966,0.9994021031899554
p263,p236,2,3,0.75,3.866122448979592,-30.96739600950179,-11.332917780506113,0.0,0.0025974025974025974,4.285556133254431e-05,3.86843537414966,0.9994021031899554
p263,p236,2,1,1.0,3.866122448979592,-32.666193920158996,-11.666629258578634,0.0,0.18181818181818182,2.5729876142577268e-05,3.86843537414966,0.9994021031899554
p263,p236,2,2,1.0,3.866122448979592,-31.74647292189913,-12.066684117582437,0.0,0.17402597402597403,4.2498650145716965e-05,3.86843537414966,0.9994021031899554
p263,p236,2,3,1.0,3.866122448979592,-32.061642586360165,-11.545611771355137,0.0,0.18701298701298702,3.3542200981173664e-05,3.86843537414966,0.9994021031899554
p263,p239,2,1,0.0,3.866122448979592,-31.532756250485612,-11.688999860037955,0.0,0.19480519480519481,3.53106515831314e-05,3.86843537414966,0.9994021031899554
p263,p239,2,2,0.0,3.866122448979592,-31.19797234054394,-13.836906132048476,0.0,0.23116883116883116,3.373408253537491e-05,3.86843537414966,0.9994021031899554
p263,p239,2,3,0.0,3.866122448979592,-31.287675995367124,-12.650542887105116,0.0,0.15844155844155844,4.102625462110154e-05,3.86843537414966,0.9994021031899554
p263,p239,2,1,0.25,3.866122448979592,-31.54521825165235,-12.291828605118766,0.0,0.18701298701298702,3.4369506465736777e-05,3.86843537414966,0.9994021031899554
p263,p239,2,2,0.25,3.866122448979592,-31.275970098306495,-11.55663511128503,0.0,0.22857142857142856,3.4454707929398865e-05,3.86843537414966,0.9994021031899554
p263,p239,2,3,0.25,3.866122448979592,-31.03604833806438,-12.566784636659774,0.0,0.15844155844155844,4.371794784674421e-05,3.86843537414966,0.9994021031899554
p263,p239,2,1,0.5,3.866122448979592,-31.59481980772897,-11.48175198492656,0.0,0.18441558441558442,3.307824954390526e-05,3.86843537414966,0.9994021031899554
p263,p239,2,2,0.5,3.866122448979592,-30.94459944265545,-12.701874710772143,0.0,0.22337662337662337,3.821534846792929e-05,3.86843537414966,0.9994021031899554
p263,p239,2,3,0.5,3.866122448979592,-30.808070716605798,-11.891928776735023,0.0,0.14805194805194805,4.6867509809089825e-05,3.86843537414966,0.9994021031899554
p263,p239,2,1,0.75,3.866122448979592,-31.529543937779444,-11.457925092477675,0.0,0.18441558441558442,3.1238203519023955e-05,3.86843537414966,0.9994021031899554
p263,p239,2,2,0.75,3.866122448979592,-30.768201690891278,-11.623070562773135,0.0,0.21818181818181817,4.16971197410021e-05,3.86843537414966,0.9994021031899554
p263,p239,2,3,0.75,3.866122448979592,-30.516571205952797,-11.374059998490484,0.0,0.14025974025974025,4.9477224820293486e-05,3.86843537414966,0.9994021031899554
p263,p239,2,1,1.0,3.866122448979592,-31.547310135885308,-11.241537684628753,0.0,0.17922077922077922,2.9377035389188677e-05,3.86843537414966,0.9994021031899554
p263,p239,2,2,1.0,3.866122448979592,-30.71622089954908,-11.258961741902136,0.0,0.21038961038961038,4.450444248504937e-05,3.86843537414966,0.9994021031899554
p263,p239,2,3,1.0,3.866122448979592,-30.216915214701743,-10.47384790847839,0.0,0.13766233766233765,5.2227271226001903e-05,3.86843537414966,0.9994021031899554
p263,p259,2,1,0.0,3.866122448979592,-26.962926818050587,-5.017364114417333,0.0,0.2051948051948052,5.9281024732626975e-05,3.86843537414966,0.9994021031899554
p263,p259,2,2,0.0,3.866122448979592,-28.659566791178325,-8.736962692062784,0.0,0.33246753246753247,5.953662912361324e-05,3.86843537414966,0.9994021031899554
p263,p259,2,3,0.0,3.866122448979592,-27.02437260029974,-6.059919478371393,0.0,0.2831168831168831,7.131006714189425e-05,3.86843537414966,0.9994021031899554
p263,p259,2,1,0.25,3.866122448979592,-27.728601665281737,-4.894956257422733,0.0,0.23116883116883116,5.747069008066319e-05,3.86843537414966,0.9994021031899554
p263,p259,2,2,0.25,3.866122448979592,-28.722873622352367,-8.839030724825097,0.0,0.33766233766233766,5.8448349591344595e-05,3.86843537414966,0.9994021031899554
p263,p259,2,3,0.25,3.866122448979592,-27.16649322722452,-6.595889520771484,0.0,0.2935064935064935,6.851025682408363e-05,3.86843537414966,0.9994021031899554
p263,p259,2,1,0.5,3.866122448979592,-28.10502291794531,-5.664837131251362,0.0,0.33506493506493507,4.7458899643970653e-05,3.86843537414966,0.9994021031899554
p263,p259,2,2,0.5,3.866122448979592,-28.768995636849098,-8.608184564327082,0.0,0.34025974025974026,5.796972254756838e-05,3.86843537414966,0.9994021031899554
p263,p259,2,3,0.5,3.866122448979592,-27.53774277955127,-8.839764113573626,0.0,0.2961038961038961,6.593669968424365e-05,3.86843537414966,0.9994021031899554
p263,p259,2,1,0.75,3.866122448979592,-28.405819472479045,-5.864557051963038,0.0,0.35064935064935066,3.978153472417034e-05,3.86843537414966,0.9994021031899554
p263,p259,2,2,0.75,3.866122448979592,-28.707281126780998,-8.336816313165825,0.0,0.34285714285714286,5.721544584957883e-05,3.86843537414966,0.9994021031899554
p263,p259,2,3,0.75,3.866122448979592,-27.570273746396158,-8.606042456632874,0.0,0.3064935064935065,6.482766184490174e-05,3.86843537414966,0.9994021031899554
p263,p259,2,1,1.0,3.866122448979592,-28.62189606510087,-6.404293603054903,0.0,0.36103896103896105,3.531423135427758e-05,3.86843537414966,0.9994021031899554
p263,p259,2,2,1.0,3.866122448979592,-28.686827794499415,-8.436363162592464,0.0,0.34285714285714286,5.5352131312247366e-05,3.86843537414966,0.9994021031899554
p263,p259,2,3,1.0,3.866122448979592,-27.59644984025349,-8.772550232315044,0.0,0.3090909090909091,6.355108052957803e-05,3.86843537414966,0.9994021031899554
p263,original,3,0,-1.0,6.87124716553288,-25.09383707506043,-3.7047830077504926,0.0,0.049490538573508006,-3.111680780421011e-05,6.87124716553288,1.0
p263,p236,3,1,0.0,6.861496598639456,-31.478077974182707,-12.776560378471087,0.0,0.0029154518950437317,4.6803463192190975e-05,6.87124716553288,0.9985809611183346
p263,p236,3,2,0.0,6.861496598639456,-32.077773864617654,-11.876309478086162,0.0,0.1880466472303207,4.798849477083422e-05,6.87124716553288,0.9985809611183346
p263,p236,3,3,0.0,6.861496598639456,-30.172252214088164,-10.764589766456659,0.0,0.0,7.124883268261328e-05,6.87124716553288,0.9985809611183346
p263,p236,3,1,0.25,6.861496598639456,-31.6932262604643,-12.742010254801187,0.0,0.01020408163265306,4.7384783101733774e-05,6.87124716553288,0.9985809611183346
p263,p236,3,2,0.25,6.861496598639456,-32.1814138948381,-12.10291533778799,0.0,0.19533527696793002,4.6948491217335686e-05,6.87124716553288,0.9985809611183346
p263,p236,3,3,0.25,6.861496598639456,-30.427085926764462,-11.114818214234532,0.0,0.0,7.485919923055917e-05,6.87124716553288,0.9985809611183346
p263,p236,3,1,0.5,6.861496598639456,-31.91437318584784,-12.677882103290742,0.0,0.011661807580174927,4.6451685193460435e-05,6.87124716553288,0.9985809611183346
p263,p236,3,2,0.5,6.861496598639456,-32.306909813757855,-12.02954446814024,0.0,0.1924198250728863,4.608256131177768e-05,6.87124716553288,0.9985809611183346
p263,p236,3,3,0.5,6.861496598639456,-31.005225446813615,-11.43713004379457,0.0,0.0029154518950437317,5.955885717412457e-05,6.87124716553288,0.9985809611183346
p263,p236,3,1,0.75,6.861496598639456,-32.38045925432588,-12.645994705491558,0.0,0.03935860058309038,4.906702815787867e-05,6.87124716553288,0.9985809611183346
p263,p236,3,2,0.75,6.861496598639456,-32.38211884871126,-12.103983253156404,0.0,0.20116618075801748,4.5018954551778734e-05,6.87124716553288,0.9985809611183346
p263,p236,3,3,0.75,6.861496598639456,-31.334408015293278,-10.773748233815121,0.0,0.08163265306122448,6.639937055297196e-05,6.87124716553288,0.9985809611183346
p263,p236,3,1,1.0,6.861496598639456,-33.03927554808186,-12.56903778573545,0.0,0.10349854227405247,4.3646938138408586e-05,6.87124716553288,0.9985809611183346
p263,p236,3,2,1.0,6.861496598639456,-32.44532396722853,-12.193081091801632,0.0,0.20408163265306123,4.460666241357103e-05,6.87124716553288,0.9985809611183346
p263,p236,3,3,1.0,6.861496598639456,-31.641605545559663,-11.207757305662152,0.0,0.14723032069970846,5.7284200011054054e-05,6.87124716553288,0.9985809611183346
p263,p239,3,1,0.0,6.861496598639456,-31.933443614211143,-13.421940772935761,0.0,0.12682215743440234,2.7828007659991272e-05,6.87124716553288,0.9985809611183346
p263,p239,3,2,0.0,6.861496598639456,-31.572086692411602,-13.861713650320524,0.0,0.19970845481049562,3.379492409294471e-05,6.87124716553288,0.9985809611183346
p263,p239,3,3,0.0,6.861496598639456,-31.769673322668876,-13.87479875318392,0.0,0.19970845481049562,2.7668858820106834e-05,6.87124716553288,0.9985809611183346
p263,p239,3,1,0.25,6.861496598639456,-31.96148513017535,-14.016057310113624,0.0,0.1282798833819242,3.0464731025858782e-05,6.87124716553288,0.9985809611183346
p263,p239,3,2,0.25,6.861496598639456,-31.59252286008565,-13.663931295212317,0.0,0.18075801749271136,3.613049921113998e-05,6.87124716553288,0.9985809611183346
p263,p239,3,3,0.25,6.861496598639456,-31.391894054553497,-13.190139774508381,0.0,0.20116618075801748,3.1531562854070216e-05,6.87124716553288,0.9985809611183346
p263,p239,3,1,0.5,6.861496598639456,-32.154775963858945,-13.859098993576511,0.0,0.1282798833819242,2.958084769488778e-05,6.87124716553288,0.9985809611183346
p263,p239,3,2,0.5,6.861496598639456,-31.508533952749474,-13.429401809590393,0.0,0.18513119533527697,3.728527735802345e-05,6.87124716553288,0.9985809611183346
p263,p239,3,3,0.5,6.861496598639456,-31.117403940933087,-12.839099054032893,0.0,0.1924198250728863,3.553465649019927e-05,6.87124716553288,0.9985809611183346
p263,p239,3,1,0.75,6.861496598639456,-32.059918581690596,-13.464304972208636,0.0,0.1282798833819242,2.8802658562199213e-05,6.87124716553288,0.9985809611183346
p263,p239,3,2,0.75,6.861496598639456,-31.39970393366535,-13.198615585798661,0.0,0.18513119533527697,3.809997360804118e-05,6.87124716553288,0.9985809611183346
p263,p239,3,3,0.75,6.861496598639456,-30.789788514968222,-12.39281569577556,0.0,0.18658892128279883,3.9916354580782354e-05,6.87124716553288,0.9985809611183346
p263,p239,3,1,1.0,6.861496598639456,-32.07342725562724,-13.478055394022299,0.0,0.13119533527696792,2.7190610126126558e-05,6.87124716553288,0.9985809611183346
p263,p239,3,2,1.0,6.861496598639456,-31.20976523167682,-12.959648941974711,0.0,0.1836734693877551,4.048496703035198e-05,6.87124716553288,0.9985809611183346
p263,p239,3,3,1.0,6.861496598639456,-30.445224951459696,-12.087978292596897,0.0,0.18950437317784258,4.436763992998749e-05,6.87124716553288,0.9985809611183346
p263,p259,3,1,0.0,6.861496598639456,-27.482457171154802,-6.3018397883437105,0.0,0.16326530612244897,8.888878073776141e-05,6.87124716553288,0.9985809611183346
p263,p259,3,2,0.0,6.861496598639456,-28.148869822099776,-9.477987064815576,0.0,0.20699708454810495,5.97656071477104e-05,6.87124716553288,0.9985809611183346
p263,p259,3,3,0.0,6.861496598639456,-27.35146894124741,-8.11405394490768,0.0,0.1836734693877551,8.040434477152303e-05,6.87124716553288,0.9985809611183346
p263,p259,3,1,0.25,6.861496598639456,-27.549743271442487,-7.549264044703012,0.0,0.17784256559766765,8.007374708540738e-05,6.87124716553288,0.9985809611183346
p263,p259,3,2,0.25,6.861496598639456,-28.176703408151155,-9.517543967313047,0.0,0.20699708454810495,6.002681766403839e-05,6.87124716553288,0.9985809611183346
p263,p259,3,3,0.25,6.861496598639456,-27.404469488632767,-8.354831087539035,0.0,0.19096209912536444,7.901740173110738e-05,6.87124716553288,0.9985809611183346
p263,p259,3,1,0.5,6.861496598639456,-27.84618858271891,-8.682052543088108,0.0,0.19533527696793002,7.372318214038387e-05,6.87124716553288,0.9985809611183346
p263,p259,3,2,0.5,6.861496598639456,-28.09213138106143,-9.488254541827896,0.0,0.2055393586005831,6.047723218216561e-05,6.87124716553288,0.9985809611183346
p263,p259,3,3,0.5,6.861496598639456,-27.45359436925735,-8.5335233529622,0.0,0.1967930029154519,7.782006287015975e-05,6.87124716553288,0.9985809611183346
p263,p259,3,1,0.75,6.861496598639456,-28.17733632981293,-8.742762952470674,0.0,0.19825072886297376,7.003072096267715e-05,6.87124716553288,0.9985809611183346
p263,p259,3,2,0.75,6.861496598639456,-28.08519782754976,-9.325413806249605,0.0,0.2055393586005831,6.173951987875625e-05,6.87124716553288,0.9985809611183346
p263,p259,3,3,0.75,6.861496598639456,-27.514357850659987,-8.738412394083682,0.0,0.1967930029154519,7.586047286167741e-05,6.87124716553288,0.9985809611183346
p263,p259,3,1,1.0,6.861496598639456,-28.445389796574,-9.069399757672112,0.0,0.20408163265306123,6.564377690665424e-05,6.87124716553288,0.9985809611183346
p263,p259,3,2,1.0,6.861496598639456,-28.082986889181104,-9.259737149502563,0.0,0.20699708454810495,6.191722786752507e-05,6.87124716553288,0.9985809611183346
p263,p259,3,3,1.0,6.861496598639456,-27.559841736385064,-8.777646090271734,0.0,0.19970845481049562,7.394586282316595e-05,6.87124716553288,0.9985809611183346
p263,original,4,0,-1.0,5.282585034013605,-24.058154554991887,-5.432369459539693,0.0,0.08918406072106262,-1.933086423377972e-05,5.282585034013605,1.0
p263,p236,4,1,0.0,5.282539682539682,-28.75453645577318,-10.50310977659648,0.0,0.0018975332068311196,9.563545609125867e-05,5.282585034013605,0.9999914149088692
p263,p236,4,2,0.0,5.282539682539682,-28.012125412155267,-9.115458827474432,0.0,0.1840607210626186,7.115248445188627e-05,5.282585034013605,0.9999914149088692
p263,p236,4,3,0.0,5.282539682539682,-27.5304977655467,-8.366630212278606,0.0,0.0,7.818609446985647e-05,5.282585034013605,0.9999914149088692
p263,p236,4,1,0.25,5.282539682539682,-28.812519947449744,-11.105293167070947,0.0,0.0018975332068311196,9.459139255341142e-05,5.282585034013605,0.9999914149088692
p263,p236,4,2,0.25,5.282539682539682,-28.103891820569793,-9.314562256120276,0.0,0.18785578747628084,7.056535105220973e-05,5.282585034013605,0.9999914149088692
p263,p236,4,3,0.25,5.282539682539682,-27.455887408038784,-8.593913814977011,0.0,0.0,7.915392052382231e-05,5.282585034013605,0.9999914149088692
p263,p236,4,1,0.5,5.282539682539682,-28.848738277447982,-10.856611917971575,0.0,0.0018975332068311196,9.450833749724552e-05,5.282585034013605,0.9999914149088692
p263,p236,4,2,0.5,5.282539682539682,-28.202507224951262,-9.354936536482771,0.0,0.1935483870967742,6.99150696163997e-05,5.282585034013605,0.9999914149088692
p263,p236,4,3,0.5,5.282539682539682,-27.552772813523887,-8.927482503842125,0.0,0.0,8.289683319162577e-05,5.282585034013605,0.9999914149088692
p263,p236,4,1,0.75,5.282539682539682,-28.675467355331925,-10.303788728218109,0.0,0.0,9.656240581534803e-05,5.282585034013605,0.9999914149088692
p263,p236,4,2,0.75,5.282539682539682,-28.301615566142285,-9.371294882414608,0.0,0.1935483870967742,6.909973308211192e-05,5.282585034013605,0.9999914149088692
p263,p236,4,3,0.75,5.282539682539682,-27.70661266902522,-8.467223914055204,0.0,0.03795066413662239,8.788999548414722e-05,5.282585034013605,0.9999914149088692
p263,p236,4,1,1.0,5.282539682539682,-28.88263728643842,-10.285578400337961,0.0,0.16888045540796964,6.643206143053249e-05,5.282585034013605,0.9999914149088692
p263,p236,4,2,1.0,5.282539682539682,-28.457726987685,-9.523889823038632,0.0,0.20113851992409867,6.727412255713716e-05,5.282585034013605,0.9999914149088692
p263,p236,4,3,1.0,5.282539682539682,-27.802562780488003,-8.522202543750563,0.0,0.17836812144212524,6.880053115310147e-05,5.282585034013605,0.9999914149088692
p263,p239,4,1,0.0,5.282539682539682,-30.05661895778733,-12.304934438820673,0.0,0.2125237191650854,5.033697379985824e-05,5.282585034013605,0.9999914149088692
p263,p239,4,2,0.0,5.282539682539682,-29.466785133463816,-12.778868613838917,0.0,0.23719165085388993,5.283722566673532e-05,5.282585034013605,0.9999914149088692
p263,p239,4,3,0.0,5.282539682539682,-29.689925045406603,-13.35014592224949,0.0,0.222011385199241,4.3132542487001047e-05,5.282585034013605,0.9999914149088692
p263,p239,4,1,0.25,5.282539682539682,-30.026599159525375,-12.288555234197027,0.0,0.21062618595825428,5.141169094713405e-05,5.282585034013605,0.9999914149088692
p263,p239,4,2,0.25,5.282539682539682,-29.39628185009031,-13.059215361037353,0.0,0.2314990512333966,5.5286909628193825e-05,5.282585034013605,0.9999914149088692
p263,p239,4,3,0.25,5.282539682539682,-29.521548125537954,-12.96554367558272,0.0,0.2125237191650854,4.5113247324479744e-05,5.282585034013605,0.9999914149088692
p263,p239,4,1,0.5,5.282539682539682,-29.992928715416213,-12.4604277602533,0.0,0.20683111954459202,5.204415720072575e-05,5.282585034013605,0.9999914149088692
p263,p239,4,2,0.5,5.282539682539682,-29.32415828856874,-12.813565955470418,0.0,0.22580645161290322,5.750970376539044e-05,5.282585034013605,0.9999914149088692
p263,p239,4,3,0.5,5.282539682539682,-29.741660889913433,-12.39060779295787,0.0,0.20113851992409867,5.399866495281458e-05,5.282585034013605,0.9999914149088692
p263,p239,4,1,0.75,5.282539682539682,-30.097824949589096,-12.574673216827852,0.0,0.19924098671726756,4.9048991058953106e-05,5.282585034013605,0.9999914149088692
p263,p239,4,2,0.75,5.282539682539682,-29.58942979202616,-12.963185302058042,0.0,0.21062618595825428,5.7777990150498226e-05,5.282585034013605,0.9999914149088692
p263,p239,4,3,0.75,5.282539682539682,-29.466232786757395,-11.725731035059567,0.0,0.17267552182163187,5.8428009651834145e-05,5.282585034013605,0.9999914149088692
p263,p239,4,1,1.0,5.282539682539682,-30.306951521612557,-12.31477680773561,0.0,0.19734345351043645,4.913020893582143e-05,5.282585034013605,0.9999914149088692
p263,p239,4,2,1.0,5.282539682539682,-29.532744155925997,-12.016847343738101,0.0,0.1954459203036053,6.137129821581766e-05,5.282585034013605,0.9999914149088692
p263,p239,4,3,1.0,5.282539682539682,-29.127651141833955,-11.179867030964898,0.0,0.1650853889943074,6.312144978437573e-05,5.282585034013605,0.9999914149088692
p263,p259,4,1,0.0,5.282539682539682,-26.344706829378982,-4.432028384566676,0.0,0.22960151802656548,7.795816054567695e-05,5.282585034013605,0.9999914149088692
p263,p259,4,2,0.0,5.282539682539682,-27.903333529604012,-8.245928648198289,0.0,0.3301707779886148,6.110301183070987e-05,5.282585034013605,0.9999914149088692
p263,p259,4,3,0.0,5.282539682539682,-26.583183368554685,-5.357879760615165,0.0,0.29601518026565465,8.089699258562177e-05,5.282585034013605,0.9999914149088692
p263,p259,4,1,0.25,5.282539682539682,-26.396268846163974,-4.188222372453324,0.0,0.2618595825426945,7.512333831982687e-05,5.282585034013605,0.9999914149088692
p263,p259,4,2,0.25,5.282539682539682,-27.960767923836624,-8.415384431748388,0.0,0.33396584440227706,6.240252696443349e-05,5.282585034013605,0.9999914149088692
p263,p259,4,3,0.25,5.282539682539682,-26.643991881503844,-5.208858263343432,0.0,0.2998102466793169,7.908868428785354e-05,5.282585034013605,0.9999914149088692
p263,p259,4,1,0.5,5.282539682539682,-26.5552167954886,-4.601903878572203,0.0,0.2827324478178368,6.609853880945593e-05,5.282585034013605,0.9999914149088692
p263,p259,4,2,0.5,5.282539682539682,-28.041851674612268,-8.425867463520978,0.0,0.3396584440227704,6.424699677154422e-05,5.282585034013605,0.9999914149088692
p263,p259,4,3,0.5,5.282539682539682,-26.7016993050925,-5.139605468164795,0.0,0.30740037950664134,7.777109567541629e-05,5.282585034013605,0.9999914149088692
p263,p259,4,1,0.75,5.282539682539682,-26.78616700826995,-4.910804724183842,0.0,0.3036053130929791,6.43494349787943e-05,5.282585034013605,0.9999914149088692
p263,p259,4,2,0.75,5.282539682539682,-28.032377309525568,-7.97617978595002,0.0,0.3415559772296015,6.588841642951593e-05,5.282585034013605,0.9999914149088692
p263,p259,4,3,0.75,5.282539682539682,-26.751846638058637,-5.562146112654393,0.0,0.3111954459203036,7.672047649975866e-05,5.282585034013605,0.9999914149088692
p263,p259,4,1,1.0,5.282539682539682,-27.418661559085834,-6.619144928607286,0.0,0.31499051233396586,5.7038370869122446e-05,5.282585034013605,0.9999914149088692
p263,p259,4,2,1.0,5.282539682539682,-27.97215403509099,-7.900810808051419,0.0,0.3415559772296015,6.737106741638854e-05,5.282585034013605,0.9999914149088692
p263,p259,4,3,1.0,5.282539682539682,-26.803810535534556,-5.701553210929241,0.0,0.3206831119544592,7.522472878918052e-05,5.282585034013605,0.9999914149088692
p263,original,5,0,-1.0,6.059002267573696,-23.747319381621775,-6.892034626308967,0.0,0.026446280991735537,-5.13792474521324e-06,6.059002267573696,1.0
p263,p236,5,1,0.0,6.048798185941043,-31.512252412773737,-13.282608446179374,0.0,0.0,2.6371108106104657e-05,6.059002267573696,0.9983158808691551
p263,p236,5,2,0.0,6.048798185941043,-31.040154068902005,-13.231385696663667,0.0,0.11589403973509933,6.351772753987461e-05,6.059002267573696,0.9983158808691551
p263,p236,5,3,0.0,6.048798185941043,-0.8125243141817291,8.686661818707667e-12,0.3965855926103647,0.0,-0.03308045119047165,6.059002267573696,0.9983158808691551
p263,p236,5,1,0.25,6.048798185941043,-31.73308940045007,-13.53579417937426,0.0,0.0,2.8412996471161023e-05,6.059002267573696,0.9983158808691551
p263,p236,5,2,0.25,6.048798185941043,-31.12909894643461,-13.308333545358778,0.0,0.11423841059602649,6.196938193170354e-05,6.059002267573696,0.9983158808691551
p263,p236,5,3,0.25,6.048798185941043,-2.1272281616419306,8.686661818707667e-12,0.039924724088291744,0.0,0.05011361464858055,6.059002267573696,0.9983158808691551
p263,p236,5,1,0.5,6.048798185941043,-31.96661846784798,-13.561018212312522,0.0,0.0,3.3006788726197556e-05,6.059002267573696,0.9983158808691551
p263,p236,5,2,0.5,6.048798185941043,-31.2066419390497,-13.383493850909545,0.0,0.11754966887417219,6.002496593282558e-05,6.059002267573696,0.9983158808691551
p263,p236,5,3,0.5,6.048798185941043,-0.850153712029801,8.686661818707667e-12,0.37772162907869483,0.0,-0.038559410721063614,6.059002267573696,0.9983158808691551
p263,p236,5,1,0.75,6.048798185941043,-32.87502145350463,-14.448565502228854,0.0,0.0016556291390728477,3.6093413655180484e-05,6.059002267573696,0.9983158808691551
p263,p236,5,2,0.75,6.048798185941043,-31.23478029075006,-13.455566023937703,0.0,0.12086092715231789,5.927767779212445e-05,6.059002267573696,0.9983158808691551
p263,p236,5,3,0.75,6.048798185941043,-0.8767930441325746,8.686661818707667e-12,0.3635436660268714,0.0,-0.04046542942523956,6.059002267573696,0.9983158808691551
p263,p236,5,1,1.0,6.048798185941043,-33.03516762844171,-13.902341801163114,0.0,0.17052980132450332,3.991452103946358e-05,6.059002267573696,0.9983158808691551
p263,p236,5,2,1.0,6.048798185941043,-31.268907704838888,-13.508132087083343,0.0,0.12417218543046357,5.882166078663431e-05,6.059002267573696,0.9983158808691551
p263,p236,5,3,1.0,6.048798185941043,-0.9083924060911428,8.686661818707667e-12,0.3479561540307102,0.0,-0.04175775498151779,6.059002267573696,0.9983158808691551
p263,p239,5,1,0.0,6.048798185941043,-31.970158344323394,-14.285042009966398,0.0,0.173841059602649,2.750851672317367e-05,6.059002267573696,0.9983158808691551
p263,p239,5,2,0.0,6.048798185941043,-31.208873167759204,-13.747406888017155,0.0,0.1390728476821192,2.8682075935648754e-05,6.059002267573696,0.9983158808691551
p263,p239,5,3,0.0,6.048798185941043,-31.525729029241035,-13.07950532201183,0.0,0.11092715231788079,3.307497172500007e-05,6.059002267573696,0.9983158808691551
p263,p239,5,1,0.25,6.048798185941043,-32.27347818144925,-14.459764072209445,0.0,0.173841059602649,2.7563430194277316e-05,6.059002267573696,0.9983158808691551
p263,p239,5,2,0.25,6.048798185941043,-31.063762893030777,-14.280924498802293,0.0,0.1357615894039735,3.0572035029763356e-05,6.059002267573696,0.9983158808691551
p263,p239,5,3,0.25,6.048798185941043,-31.42827796510385,-12.7075970178755,0.0,0.10430463576158941,3.115641084150411e-05,6.059002267573696,0.9983158808691551
p263,p239,5,1,0.5,6.048798185941043,-32.50044936966753,-15.179319410292308,0.0,0.1771523178807947,2.415418202872388e-05,6.059002267573696,0.9983158808691551
p263,p239,5,2,0.5,6.048798185941043,-31.0420614348034,-14.021382809751955,0.0,0.13245033112582782,3.3528929634485394e-05,6.059002267573696,0.9983158808691551
p263,p239,5,3,0.5,6.048798185941043,-31.13436818150258,-13.170797493139064,0.0,0.09933774834437085,3.262742393417284e-05,6.059002267573696,0.9983158808691551
p263,p239,5,1,0.75,6.048798185941043,-32.522472141200424,-13.57871872133946,0.0,0.1804635761589404,1.5878402336966246e-05,6.059002267573696,0.9983158808691551
p263,p239,5,2,0.75,6.048798185941043,-31.101421719444126,-14.249421592444321,0.0,0.12582781456953643,3.703565016621724e-05,6.059002267573696,0.9983158808691551
p263,p239,5,3,0.75,6.048798185941043,-30.819407450433225,-12.886884679444355,0.0,0.09437086092715231,3.3206306397914886e-05,6.059002267573696,0.9983158808691551
p263,p239,5,1,1.0,6.048798185941043,-32.42758875707905,-13.356311812788835,0.0,0.17880794701986755,1.9884155335603282e-05,6.059002267573696,0.9983158808691551
p263,p239,5,2,1.0,6.048798185941043,-31.065988949303286,-13.821274652776234,0.0,0.11589403973509933,3.9258065953617916e-05,6.059002267573696,0.9983158808691551
p263,p239,5,3,1.0,6.048798185941043,-30.46601424866763,-13.241119150141152,0.0,0.09602649006622517,3.441922308411449e-05,6.059002267573696,0.9983158808691551
p263,p259,5,1,0.0,6.048798185941043,-26.858705977954806,-6.672698399186146,0.0,0.1870860927152318,9.160376066574827e-05,6.059002267573696,0.9983158808691551
p263,p259,5,2,0.0,6.048798185941043,-27.595743038485473,-10.285578400337961,0.0,0.19536423841059603,8.228346996475011e-05,6.059002267573696,0.9983158808691551
p263,p259,5,3,0.0,6.048798185941043,-26.683973283948777,-7.87977162825314,0.0,0.17218543046357615,0.00010185346764046699,6.059002267573696,0.9983158808691551
p263,p259,5,1,0.25,6.048798185941043,-26.99521117864766,-7.457455480763172,0.0,0.19039735099337748,8.527537283953279e-05,6.059002267573696,0.9983158808691551
p263,p259,5,2,0.25,6.048798185941043,-27.60575845417051,-10.228593234101329,0.0,0.19701986754966888,8.135358802974224e-05,6.059002267573696,0.9983158808691551
p263,p259,5,3,0.25,6.048798185941043,-26.743409188103378,-7.982822406064257,0.0,0.1804635761589404,9.984018106479198e-05,6.059002267573696,0.9983158808691551
p263,p259,5,1,0.5,6.048798185941043,-27.170767472337843,-8.029463533375537,0.0,0.19701986754966888,8.422513928962871e-05,6.059002267573696,0.9983158808691551
p263,p259,5,2,0.5,6.048798185941043,-27.569330840723648,-9.9900738260156,0.0,0.1986754966887417,8.172814705176279e-05,6.059002267573696,0.9983158808691551
p263,p259,5,3,0.5,6.048798185941043,-26.753546941376417,-8.320911252260872,0.0,0.18211920529801323,9.880527795758098e-05,6.059002267573696,0.9983158808691551
p263,p259,5,1,0.75,6.048798185941043,-27.430291494500306,-8.806092158093378,0.0,0.2052980132450331,7.823538908269256e-05,6.059002267573696,0.9983158808691551
p263,p259,5,2,0.75,6.048798185941043,-27.526681638464336,-9.929998269147616,0.0,0.20033112582781457,8.198510477086529e-05,6.059002267573696,0.9983158808691551
p263,p259,5,3,0.75,6.048798185941043,-28.315755890217588,-10.898342103797415,0.0,0.21688741721854304,3.833162190858275e-05,6.059002267573696,0.9983158808691551
p263,p259,5,1,1.0,6.048798185941043,-27.665965633756077,-9.244355722359137,0.0,0.2052980132450331,7.526887929998338e-05,6.059002267573696,0.9983158808691551
p263,p259,5,2,1.0,6.048798185941043,-27.464033199496733,-9.923348783932498,0.0,0.1986754966887417,8.232350955950096e-05,6.059002267573696,0.9983158808691551
p263,p259,5,3,1.0,6.048798185941043,-26.789425864288216,-8.738412394083682,0.0,0.1870860927152318,9.554384450893849e-05,6.059002267573696,0.9983158808691551
